first_name,last_name,email,gender,age,car,job,favorite_film
Giuseppe,Simonato,gsimonato0@trellian.com,Male,70,Dacia,Quality Control Specialist,Action
Berti,Campaigne,bcampaigne1@sciencedirect.com,Female,30,Fiat,Engineer II,Horror
Winni,Olivier,wolivier2@multiply.com,Female,73,Fiat,Computer Systems Analyst III,Horror
Jephthah,Kubiak,jkubiak3@meetup.com,Male,38,Fiat,Food Chemist,Drama
Jeremiah,Rosi,jrosi4@wordpress.org,Agender,36,Mazda,Food Chemist,Drama
Marylou,Faraday,mfaraday5@discuz.net,Female,77,Dacia,VP Sales,Action
Hamel,Bertelet,hbertelet6@dailymail.co.uk,Male,26,Ford,Geological Engineer,Drama
Mignonne,Rawling,mrawling7@reverbnation.com,Female,42,BMW,Legal Assistant,Comedy
Casi,Bertolaccini,cbertolaccini8@meetup.com,Genderqueer,80,Ford,Research Associate,Comedy
Idalia,McInility,imcinility9@psu.edu,Female,30,Mazda,Structural Analysis Engineer,Comedy
Lona,Viollet,lviolleta@comcast.net,Agender,76,Opel,Geological Engineer,Romance
Desi,Malia,dmaliab@nydailynews.com,Male,49,BMW,Web Developer II,Romance
Rafael,Alban,ralbanc@angelfire.com,Male,80,Dacia,Human Resources Manager,Drama
Jaquelin,Lynd,jlyndd@gravatar.com,Female,54,Dacia,Mechanical Systems Engineer,Horror
Klaus,O'Hanley,kohanleye@tripadvisor.com,Male,20,Renault,Assistant Media Planner,Comedy
Nancee,Staden,nstadenf@cbsnews.com,Polygender,31,Fiat,Research Associate,Comedy
Jayme,Keble,jkebleg@howstuffworks.com,Male,20,Fiat,Software Engineer IV,Horror
Kylie,Gabbat,kgabbath@google.com.hk,Male,47,Mazda,Professor,Comedy
Frasco,Whoolehan,fwhoolehani@oaic.gov.au,Male,20,Renault,Financial Analyst,Thriller
Clementia,Shottin,cshottinj@fda.gov,Female,80,Renault,Financial Analyst,Romance
Cirillo,Santello,csantellok@vkontakte.ru,Male,77,Opel,Senior Quality Engineer,Comedy
Elisha,Brachell,ebrachelll@printfriendly.com,Male,73,Dacia,Chief Design Engineer,Thriller
Cinnamon,Haskett,chaskettm@mozilla.com,Female,50,Fiat,Geological Engineer,Drama
Cullie,Ainsbury,cainsburyn@uiuc.edu,Male,44,BMW,Nurse Practicioner,Thriller
Filide,Kippins,fkippinso@vistaprint.com,Female,35,Mazda,Tax Accountant,Romance
Lemar,Louden,lloudenp@gov.uk,Agender,64,Opel,Graphic Designer,Romance
Zerk,Littler,zlittlerq@spotify.com,Male,32,Fiat,Statistician II,Comedy
Torre,Pollie,tpollier@plala.or.jp,Male,38,Ford,Help Desk Operator,Romance
Shepherd,Mazzei,smazzeis@timesonline.co.uk,Male,26,Dacia,Nuclear Power Engineer,Thriller
Sheffield,Carverhill,scarverhillt@loc.gov,Male,73,Ford,Help Desk Operator,Action
Cordelia,Meric,cmericu@jiathis.com,Female,37,Opel,Health Coach II,Drama
Roshelle,Quinlan,rquinlanv@taobao.com,Female,38,Fiat,Financial Analyst,Action
Melba,Burberry,mburberryw@cdc.gov,Female,48,Fiat,Account Executive,Thriller
Arnaldo,Macauley,amacauleyx@google.nl,Male,36,Mazda,Environmental Specialist,Horror
Amie,Shoebrook,ashoebrooky@dailymotion.com,Female,63,Renault,Automation Specialist IV,Romance
Hynda,Bremeyer,hbremeyerz@hexun.com,Female,49,Opel,Human Resources Assistant III,Comedy
Devon,Causer,dcauser10@soundcloud.com,Female,70,Dacia,Environmental Specialist,Romance
Henriette,Steagall,hsteagall11@drupal.org,Female,73,Fiat,General Manager,Horror
Amalia,Porteous,aporteous12@webmd.com,Female,36,Mazda,Assistant Manager,Action
Zebedee,McElrath,zmcelrath13@artisteer.com,Male,37,Opel,Graphic Designer,Thriller
Ernestus,Draayer,edraayer14@phpbb.com,Male,62,Renault,Analog Circuit Design manager,Drama
Mariquilla,Dudhill,mdudhill15@fastcompany.com,Female,79,Dacia,Web Developer IV,Romance
Augustine,Dailey,adailey16@google.it,Female,79,Renault,Research Nurse,Romance
Camellia,Inglesant,cinglesant17@dell.com,Female,68,Mazda,Assistant Manager,Horror
Sheena,Gapper,sgapper18@phoca.cz,Female,69,Dacia,Recruiter,Horror
Osborne,Brunet,obrunet19@cmu.edu,Male,78,Opel,Nurse,Drama
Kassandra,Waycot,kwaycot1a@spotify.com,Female,27,Dacia,Tax Accountant,Comedy
Carolin,Cathrall,ccathrall1b@ted.com,Female,39,Fiat,Desktop Support Technician,Romance
Lesli,Spensley,lspensley1c@mashable.com,Bigender,40,Dacia,Staff Accountant II,Romance
Ranice,Badsworth,rbadsworth1d@cnet.com,Female,45,Dacia,Human Resources Assistant I,Horror
Lawton,Nineham,lnineham1e@nymag.com,Male,31,Ford,Analog Circuit Design manager,Drama
Amata,Syrad,asyrad1f@bluehost.com,Female,57,Renault,Pharmacist,Action
Henriette,Keetch,hkeetch1g@hibu.com,Female,34,Opel,Teacher,Horror
Charley,Tellwright,ctellwright1h@nps.gov,Agender,43,Fiat,Help Desk Operator,Thriller
Orran,Shirtliff,oshirtliff1i@blogs.com,Male,69,Opel,Nurse,Drama
Gael,Shipley,gshipley1j@1und1.de,Male,37,BMW,Tax Accountant,Comedy
Farlay,MacAless,fmacaless1k@ask.com,Male,74,Fiat,Web Developer III,Action
Domenico,Prickett,dprickett1l@soup.io,Male,43,Fiat,Pharmacist,Comedy
Brand,Folcarelli,bfolcarelli1m@oaic.gov.au,Male,62,Fiat,Automation Specialist IV,Horror
Salim,Torbet,storbet1n@wikispaces.com,Male,32,Dacia,Junior Executive,Thriller
Algernon,Aymer,aaymer1o@yelp.com,Male,26,Ford,Junior Executive,Action
Ruben,Duffy,rduffy1p@wufoo.com,Agender,52,Opel,Staff Scientist,Romance
Daryn,Moreinu,dmoreinu1q@example.com,Genderqueer,51,Ford,Operator,Drama
Loydie,Ayliff,layliff1r@fda.gov,Male,39,Ford,Desktop Support Technician,Drama
Shaine,Rodgier,srodgier1s@umn.edu,Female,46,Dacia,Account Coordinator,Romance
Livvie,Rodgier,lrodgier1t@fda.gov,Genderqueer,53,Fiat,Pharmacist,Action
Libbie,Martinho,lmartinho1u@cbsnews.com,Genderqueer,20,BMW,Junior Executive,Action
Brittani,Brunetti,bbrunetti1v@github.io,Female,31,Dacia,Clinical Specialist,Romance
Eloise,Ramsted,eramsted1w@google.ca,Female,27,Dacia,Senior Developer,Comedy
Oates,Haddock,ohaddock1x@blog.com,Male,49,Dacia,VP Accounting,Romance
Lutero,Jorn,ljorn1y@amazonaws.com,Male,31,Opel,Senior Financial Analyst,Comedy
Karrie,Lawty,klawty1z@fastcompany.com,Female,43,Opel,Community Outreach Specialist,Drama
Johannah,Scattergood,jscattergood20@aboutads.info,Agender,54,Fiat,Dental Hygienist,Action
Dennie,Dolohunty,ddolohunty21@dyndns.org,Female,38,Opel,Senior Developer,Horror
Diann,Gilhoolie,dgilhoolie22@squarespace.com,Female,32,Ford,Software Engineer IV,Comedy
Missie,Parr,mparr23@odnoklassniki.ru,Female,22,BMW,VP Accounting,Drama
Bell,Joskowitz,bjoskowitz24@webmd.com,Female,36,Dacia,Dental Hygienist,Drama
Lucilia,Hynes,lhynes25@constantcontact.com,Female,31,BMW,VP Sales,Horror
Stan,Chesshire,schesshire26@cam.ac.uk,Male,51,Renault,Human Resources Assistant III,Horror
Man,Keggins,mkeggins27@usa.gov,Genderfluid,68,Mazda,Geological Engineer,Drama
Selle,Bootton,sbootton28@livejournal.com,Female,29,Dacia,Human Resources Manager,Horror
Coralie,Ryam,cryam29@sitemeter.com,Female,62,Dacia,Database Administrator III,Thriller
Krystle,Timcke,ktimcke2a@zimbio.com,Female,31,Opel,Tax Accountant,Horror
Onofredo,Duddle,oduddle2b@gov.uk,Male,75,Fiat,Design Engineer,Action
Izzy,Hundell,ihundell2c@unicef.org,Male,31,Fiat,Business Systems Development Analyst,Drama
Hubey,Cavolini,hcavolini2d@acquirethisname.com,Male,45,Fiat,Account Coordinator,Thriller
Hannie,Jumel,hjumel2e@webmd.com,Female,24,BMW,Structural Engineer,Comedy
Suzanna,Hamp,shamp2f@behance.net,Female,23,Opel,Environmental Specialist,Comedy
Murielle,Matic,mmatic2g@mac.com,Female,28,Opel,Actuary,Horror
Aurelie,Cornill,acornill2h@scribd.com,Female,67,Ford,Research Assistant I,Horror
Giffie,Poge,gpoge2i@netscape.com,Male,39,Opel,Payment Adjustment Coordinator,Thriller
Gran,Flaxman,gflaxman2j@xing.com,Male,34,Dacia,Cost Accountant,Comedy
Stephen,Saywell,ssaywell2k@economist.com,Bigender,79,Mazda,Financial Analyst,Romance
Fredia,Fort,ffort2l@google.com,Female,46,BMW,Internal Auditor,Comedy
Prentiss,Woodcraft,pwoodcraft2m@microsoft.com,Male,42,Dacia,Research Nurse,Comedy
Tabina,Morgan,tmorgan2n@taobao.com,Female,65,Opel,Pharmacist,Action
Clywd,Payton,cpayton2o@yellowpages.com,Male,25,Ford,Web Developer I,Romance
Anastasie,de la Tremoille,adelatremoille2p@theglobeandmail.com,Female,44,Opel,Database Administrator I,Drama
Celestina,Garroway,cgarroway2q@privacy.gov.au,Female,25,Fiat,Assistant Manager,Comedy
Ilysa,Morcom,imorcom2r@dot.gov,Female,32,BMW,Product Engineer,Comedy
Marla,Saunder,msaunder2s@mac.com,Female,53,Opel,Marketing Manager,Drama
Ezra,Mabley,emabley2t@angelfire.com,Male,62,Fiat,Internal Auditor,Action
Eric,Senogles,esenogles2u@cmu.edu,Male,69,Mazda,Help Desk Operator,Romance
Berget,Di Ruggero,bdiruggero2v@virginia.edu,Female,37,Mazda,Librarian,Romance
Algernon,Foad,afoad2w@archive.org,Male,56,Ford,Software Consultant,Thriller
Maire,Rieflin,mrieflin2x@hp.com,Genderqueer,55,Opel,Nurse,Action
Daphne,Cattermole,dcattermole2y@t.co,Female,45,BMW,Software Consultant,Comedy
Huberto,Slograve,hslograve2z@wix.com,Genderfluid,63,BMW,Structural Analysis Engineer,Action
Alexio,Halewood,ahalewood30@wisc.edu,Male,24,Opel,Analyst Programmer,Horror
Eustace,Pittoli,epittoli31@accuweather.com,Bigender,65,Dacia,Electrical Engineer,Drama
Mikey,Screwton,mscrewton32@google.es,Male,20,Dacia,Software Test Engineer II,Comedy
Spenser,Jeskin,sjeskin33@ucoz.ru,Genderfluid,72,Fiat,Accountant II,Action
Harp,Rabson,hrabson34@goo.gl,Male,72,Mazda,Human Resources Manager,Action
Cello,Antonich,cantonich35@altervista.org,Male,74,BMW,Dental Hygienist,Comedy
Elton,Houlison,ehoulison36@seattletimes.com,Male,47,Fiat,VP Marketing,Drama
Ealasaid,Vettore,evettore37@va.gov,Female,70,BMW,VP Product Management,Horror
Zelda,Occleshaw,zoccleshaw38@google.com.br,Female,49,Opel,Junior Executive,Comedy
Bran,Benedicte,bbenedicte39@netscape.com,Male,60,Fiat,Food Chemist,Comedy
Tad,Gladdolph,tgladdolph3a@stanford.edu,Polygender,67,Fiat,Chief Design Engineer,Action
Hebert,Thews,hthews3b@jalbum.net,Male,62,Dacia,Senior Developer,Drama
Carolyne,Frammingham,cframmingham3c@amazon.de,Female,56,Fiat,Professor,Horror
Flossi,Gally,fgally3d@vistaprint.com,Female,78,Ford,Senior Quality Engineer,Romance
Hedy,Weatherby,hweatherby3e@fotki.com,Female,67,BMW,Cost Accountant,Horror
Baxie,Greder,bgreder3f@naver.com,Male,39,Opel,General Manager,Action
Pate,Kiljan,pkiljan3g@howstuffworks.com,Genderqueer,51,Dacia,Software Consultant,Comedy
Rachael,Dunley,rdunley3h@slate.com,Non-binary,45,Opel,Graphic Designer,Thriller
Quent,Collomosse,qcollomosse3i@va.gov,Male,70,BMW,Nurse,Thriller
Tobie,Druitt,tdruitt3j@zimbio.com,Male,39,BMW,Quality Control Specialist,Thriller
Bradford,Pady,bpady3k@nba.com,Male,77,Ford,Staff Accountant I,Drama
Leonhard,McClinton,lmcclinton3l@java.com,Male,69,Mazda,Pharmacist,Thriller
Stirling,Richin,srichin3m@cafepress.com,Male,35,Renault,Nurse Practicioner,Horror
Garry,Cropp,gcropp3n@hatena.ne.jp,Male,56,Ford,Health Coach II,Action
Heather,Frantzen,hfrantzen3o@sina.com.cn,Agender,47,Mazda,Sales Associate,Thriller
Margarita,Stallan,mstallan3p@jugem.jp,Genderqueer,77,BMW,Developer II,Comedy
Tiffi,Purdey,tpurdey3q@simplemachines.org,Female,29,Dacia,Tax Accountant,Drama
Adriana,Verecker,averecker3r@issuu.com,Female,28,BMW,Accounting Assistant IV,Horror
Mose,Pentycost,mpentycost3s@umich.edu,Male,27,Opel,Computer Systems Analyst III,Romance
Keefe,Gatiss,kgatiss3t@sohu.com,Male,50,Fiat,Senior Editor,Drama
Steve,Crews,screws3u@intel.com,Male,27,Renault,Teacher,Romance
Heywood,Exter,hexter3v@symantec.com,Male,27,Ford,Software Test Engineer II,Horror
Wilek,Caselli,wcaselli3w@si.edu,Polygender,56,Dacia,Tax Accountant,Comedy
Nicol,Bernholt,nbernholt3x@dailymail.co.uk,Female,65,BMW,Editor,Horror
Rickert,McGowran,rmcgowran3y@apple.com,Male,68,Fiat,Operator,Horror
Dulciana,Entwistle,dentwistle3z@ifeng.com,Female,44,Opel,Environmental Tech,Comedy
Enrico,Lesmonde,elesmonde40@comcast.net,Male,63,BMW,Quality Engineer,Drama
Phillis,Filinkov,pfilinkov41@plala.or.jp,Female,64,Renault,Payment Adjustment Coordinator,Romance
Martainn,Methingam,mmethingam42@cisco.com,Male,35,Dacia,Electrical Engineer,Action
Jerad,Nafzger,jnafzger43@moonfruit.com,Male,54,Fiat,Marketing Assistant,Action
Winston,O'Shields,woshields44@nytimes.com,Male,55,Fiat,Executive Secretary,Thriller
Florence,Tolumello,ftolumello45@wsj.com,Female,44,Dacia,Help Desk Operator,Horror
Truman,Biggs,tbiggs46@fda.gov,Agender,26,Ford,Compensation Analyst,Thriller
Elsbeth,Waggitt,ewaggitt47@networksolutions.com,Female,79,Opel,Clinical Specialist,Horror
Gisela,Atyeo,gatyeo48@baidu.com,Female,70,Fiat,Help Desk Technician,Thriller
Johnath,Beevor,jbeevor49@ask.com,Female,76,Mazda,Tax Accountant,Thriller
Bogart,Cheesworth,bcheesworth4a@umn.edu,Male,33,Ford,Software Engineer II,Drama
Victoria,Spear,vspear4b@soundcloud.com,Genderqueer,62,BMW,Statistician II,Romance
Diandra,Abramino,dabramino4c@japanpost.jp,Female,43,BMW,Assistant Media Planner,Comedy
Rodrick,Thomazet,rthomazet4d@digg.com,Male,59,Opel,Senior Financial Analyst,Thriller
Lorry,Dickon,ldickon4e@skyrock.com,Female,24,BMW,Health Coach I,Action
Georg,Ledford,gledford4f@cnet.com,Male,25,Mazda,Librarian,Drama
Georgine,Harroway,gharroway4g@networksolutions.com,Polygender,54,Opel,Information Systems Manager,Thriller
Giuditta,Mapes,gmapes4h@noaa.gov,Female,79,Fiat,Software Engineer II,Horror
Parsifal,Clarke-Williams,pclarkewilliams4i@elegantthemes.com,Male,62,Mazda,Environmental Specialist,Comedy
Carney,Ferre,cferre4j@miitbeian.gov.cn,Male,58,Opel,Geological Engineer,Thriller
Brig,Fiddeman,bfiddeman4k@webnode.com,Male,42,BMW,Recruiter,Drama
Montague,Ripping,mripping4l@webnode.com,Genderqueer,80,Ford,Environmental Specialist,Action
Carly,Trew,ctrew4m@51.la,Female,79,BMW,Senior Sales Associate,Horror
Mamie,Orrum,morrum4n@wordpress.com,Female,27,Fiat,Cost Accountant,Comedy
Lockwood,Hattrick,lhattrick4o@over-blog.com,Male,74,BMW,Social Worker,Comedy
Lindy,Kuhn,lkuhn4p@mysql.com,Agender,70,Renault,Financial Advisor,Comedy
Gradeigh,Barck,gbarck4q@admin.ch,Male,43,Ford,Assistant Media Planner,Horror
Gusta,Bust,gbust4r@behance.net,Female,59,Dacia,Analog Circuit Design manager,Drama
Jacquette,Thomazet,jthomazet4s@walmart.com,Female,63,Ford,Web Designer II,Horror
Melita,Calterone,mcalterone4t@sogou.com,Female,70,Mazda,Help Desk Operator,Thriller
Gradeigh,Fossey,gfossey4u@upenn.edu,Male,21,Mazda,Senior Sales Associate,Romance
Dionne,Sate,dsate4v@devhub.com,Genderqueer,74,Renault,Senior Sales Associate,Horror
Filberte,Berndsen,fberndsen4w@imdb.com,Male,79,Ford,Developer III,Horror
Saundra,MacNucator,smacnucator4x@amazon.com,Male,25,BMW,Biostatistician II,Horror
Raeann,Stodit,rstodit4y@youtube.com,Female,71,Fiat,Desktop Support Technician,Thriller
Dinny,Featherstonhalgh,dfeatherstonhalgh4z@ning.com,Female,56,Fiat,Legal Assistant,Action
Algernon,Tiffin,atiffin50@51.la,Male,49,Fiat,Sales Associate,Drama
Lyn,Bertomieu,lbertomieu51@devhub.com,Male,58,Fiat,Help Desk Technician,Drama
Bill,Morlon,bmorlon52@123-reg.co.uk,Female,75,Mazda,Tax Accountant,Horror
Mady,Caughte,mcaughte53@utexas.edu,Female,41,Dacia,Human Resources Manager,Comedy
Fanchon,Stiegar,fstiegar54@spiegel.de,Agender,42,Ford,Computer Systems Analyst I,Thriller
Rois,Aucock,raucock55@state.tx.us,Female,69,Renault,Safety Technician II,Comedy
Nathan,Gerard,ngerard56@wordpress.com,Male,72,Dacia,Professor,Horror
Genny,Beavers,gbeavers57@ftc.gov,Female,72,Dacia,Dental Hygienist,Comedy
Basilio,Reeveley,breeveley58@reverbnation.com,Male,61,Opel,Programmer IV,Horror
Magnum,Ockland,mockland59@technorati.com,Male,41,Dacia,Librarian,Comedy
Creighton,Sprason,csprason5a@huffingtonpost.com,Male,79,Fiat,Clinical Specialist,Thriller
Byron,Preene,bpreene5b@kickstarter.com,Male,56,Fiat,Marketing Manager,Romance
Wells,Shout,wshout5c@cbslocal.com,Male,57,Ford,Staff Accountant II,Romance
Alec,Deedes,adeedes5d@netscape.com,Male,26,Dacia,Pharmacist,Horror
Alick,Newham,anewham5e@virginia.edu,Male,52,BMW,Nurse Practicioner,Horror
Emanuel,Andric,eandric5f@businesswire.com,Male,41,Dacia,Biostatistician II,Action
Laughton,Wrightim,lwrightim5g@acquirethisname.com,Male,75,Fiat,Human Resources Assistant I,Drama
Elene,Smaridge,esmaridge5h@accuweather.com,Female,31,Mazda,Geological Engineer,Romance
Lazaro,Cheer,lcheer5i@elpais.com,Male,41,Mazda,Actuary,Comedy
Starlin,Scollard,sscollard5j@vinaora.com,Female,62,Dacia,Geologist IV,Action
Philis,Rappaport,prappaport5k@facebook.com,Female,53,Opel,Research Associate,Romance
Cordelia,Deackes,cdeackes5l@gravatar.com,Female,42,BMW,Internal Auditor,Comedy
Avigdor,Pitcaithly,apitcaithly5m@wufoo.com,Male,39,Renault,General Manager,Drama
Diahann,Hampshire,dhampshire5n@moonfruit.com,Female,37,BMW,Editor,Action
Deane,Caselick,dcaselick5o@ftc.gov,Male,71,Opel,Nuclear Power Engineer,Comedy
Wenona,Gilbard,wgilbard5p@naver.com,Female,74,Fiat,Operator,Drama
Orv,Vasnev,ovasnev5q@shareasale.com,Male,51,Opel,Marketing Assistant,Romance
Florella,MacMechan,fmacmechan5r@qq.com,Female,72,Mazda,Graphic Designer,Thriller
Boniface,Sighard,bsighard5s@g.co,Male,47,Renault,Professor,Thriller
Hilly,Pindar,hpindar5t@spiegel.de,Male,36,Ford,Environmental Specialist,Thriller
Cecily,Whelband,cwhelband5u@psu.edu,Female,22,Opel,Environmental Specialist,Action
Emily,Aikin,eaikin5v@wikispaces.com,Female,42,BMW,Web Designer IV,Comedy
Kaja,Casserley,kcasserley5w@tuttocitta.it,Non-binary,75,Mazda,Actuary,Horror
Kristine,Prott,kprott5x@census.gov,Female,34,Opel,Database Administrator III,Thriller
Suzanne,Tschirasche,stschirasche5y@geocities.jp,Female,25,Fiat,Cost Accountant,Romance
Marleah,Gillham,mgillham5z@jugem.jp,Female,36,Dacia,Occupational Therapist,Romance
Joan,Thurnham,jthurnham60@patch.com,Female,23,Mazda,VP Quality Control,Drama
Jory,Hoggan,jhoggan61@cbc.ca,Male,39,Renault,Media Manager III,Action
Mellisa,Laba,mlaba62@amazon.de,Genderqueer,24,Fiat,Budget/Accounting Analyst III,Comedy
Conrado,Jessup,cjessup63@apache.org,Genderqueer,54,BMW,Internal Auditor,Romance
Pat,Booton,pbooton64@foxnews.com,Male,57,Ford,Associate Professor,Drama
Creight,Borit,cborit65@cornell.edu,Male,36,Opel,Senior Cost Accountant,Thriller
Carlotta,Wayt,cwayt66@wsj.com,Female,53,Mazda,Accounting Assistant I,Comedy
Ulrike,Sollett,usollett67@harvard.edu,Female,69,Fiat,Tax Accountant,Drama
Lainey,Griffiths,lgriffiths68@mediafire.com,Female,23,Fiat,Recruiting Manager,Thriller
Percy,Prator,pprator69@zimbio.com,Male,58,Dacia,Structural Analysis Engineer,Romance
Germain,Few,gfew6a@answers.com,Male,65,Renault,Help Desk Operator,Action
Elysee,Curtis,ecurtis6b@bloomberg.com,Female,23,Renault,Nurse,Action
Byram,Moir,bmoir6c@exblog.jp,Male,69,BMW,Assistant Media Planner,Action
Huntington,Sposito,hsposito6d@example.com,Male,37,Ford,Staff Accountant IV,Horror
Yank,Wheater,ywheater6e@elpais.com,Male,65,BMW,Financial Analyst,Comedy
Fremont,Rajchert,frajchert6f@walmart.com,Male,80,Mazda,Dental Hygienist,Romance
Nikos,Meakin,nmeakin6g@cpanel.net,Male,78,Fiat,Developer IV,Horror
Orel,Klimt,oklimt6h@jigsy.com,Female,78,Ford,Structural Engineer,Thriller
Vito,Weatherup,vweatherup6i@over-blog.com,Male,74,Renault,Clinical Specialist,Horror
Mortimer,Crowley,mcrowley6j@amazonaws.com,Male,48,Dacia,Human Resources Assistant III,Thriller
Ricard,Linde,rlinde6k@washingtonpost.com,Male,74,BMW,Editor,Drama
Shirl,Caghan,scaghan6l@discovery.com,Female,63,Mazda,Speech Pathologist,Romance
Ricca,Gergolet,rgergolet6m@ox.ac.uk,Female,62,BMW,Quality Engineer,Romance
Cosme,Bisco,cbisco6n@rediff.com,Male,25,Dacia,Cost Accountant,Comedy
Arlen,Filipiak,afilipiak6o@nba.com,Male,67,Opel,Accountant IV,Comedy
Esra,Harnetty,eharnetty6p@cam.ac.uk,Male,51,Mazda,Dental Hygienist,Horror
Ty,Prier,tprier6q@is.gd,Male,51,Mazda,Operator,Drama
Jedediah,Glowach,jglowach6r@scientificamerican.com,Male,25,Ford,Cost Accountant,Action
Analiese,Archbould,aarchbould6s@jimdo.com,Female,55,Ford,Structural Engineer,Comedy
Devan,Tredinnick,dtredinnick6t@hp.com,Female,43,Dacia,Business Systems Development Analyst,Comedy
Donni,Mangon,dmangon6u@guardian.co.uk,Female,31,Opel,Recruiting Manager,Thriller
Arabele,Krop,akrop6v@squidoo.com,Female,23,BMW,Accounting Assistant II,Comedy
Kristen,Kindread,kkindread6w@sphinn.com,Female,73,Opel,Design Engineer,Drama
Winston,Brolan,wbrolan6x@myspace.com,Male,43,Mazda,Programmer II,Comedy
Kariotta,Bardwall,kbardwall6y@cdc.gov,Female,80,Opel,Staff Scientist,Comedy
Ganny,Helversen,ghelversen6z@tamu.edu,Genderqueer,54,Mazda,Data Coordinator,Action
Marsh,Rubke,mrubke70@reverbnation.com,Male,41,Fiat,Director of Sales,Thriller
Ellary,Bebbington,ebebbington71@spotify.com,Genderfluid,38,BMW,Community Outreach Specialist,Action
Jordanna,Coldtart,jcoldtart72@wp.com,Polygender,44,Renault,Structural Analysis Engineer,Action
Karie,Tansly,ktansly73@netvibes.com,Female,44,Fiat,Sales Associate,Comedy
Craggie,Mote,cmote74@utexas.edu,Male,23,Mazda,Paralegal,Comedy
Gwendolen,Lau,glau75@chronoengine.com,Genderfluid,72,Mazda,Programmer IV,Drama
Damiano,Runcie,druncie76@g.co,Male,31,BMW,Actuary,Horror
Maxwell,Spridgen,mspridgen77@w3.org,Genderfluid,42,BMW,Biostatistician II,Romance
Eliot,Olesen,eolesen78@uiuc.edu,Male,56,Ford,Director of Sales,Thriller
Gisele,Frankcom,gfrankcom79@msn.com,Female,41,Ford,Web Designer IV,Horror
Aldis,Backwell,abackwell7a@myspace.com,Male,63,BMW,Structural Analysis Engineer,Thriller
Findley,Novelli,fnovelli7b@geocities.com,Male,31,Ford,Environmental Specialist,Action
Emerson,Beswetherick,ebeswetherick7c@redcross.org,Male,37,Ford,Sales Associate,Romance
Thorndike,Pierrepoint,tpierrepoint7d@abc.net.au,Male,58,Dacia,Quality Control Specialist,Thriller
Maurita,Muckley,mmuckley7e@rambler.ru,Female,20,Opel,Marketing Manager,Drama
Eartha,Bransom,ebransom7f@diigo.com,Female,58,Opel,Statistician IV,Romance
Deane,Darinton,ddarinton7g@over-blog.com,Male,64,Opel,Compensation Analyst,Thriller
Ronny,Esland,resland7h@cloudflare.com,Male,35,BMW,Technical Writer,Thriller
Teresita,Woehler,twoehler7i@google.it,Female,25,Renault,Clinical Specialist,Comedy
Carmelle,Wrench,cwrench7j@feedburner.com,Female,45,Renault,Engineer IV,Action
Marga,Averall,maverall7k@ustream.tv,Female,49,Fiat,VP Sales,Action
Teddy,Slaney,tslaney7l@tumblr.com,Male,31,Dacia,Senior Cost Accountant,Horror
Rubin,Eldershaw,reldershaw7m@nsw.gov.au,Male,39,Ford,Computer Systems Analyst I,Romance
Myrtie,Wildsmith,mwildsmith7n@cpanel.net,Female,20,Renault,Information Systems Manager,Romance
Emelia,Gregory,egregory7o@homestead.com,Female,20,Renault,Project Manager,Horror
Rodina,Gallienne,rgallienne7p@freewebs.com,Female,79,Mazda,VP Product Management,Action
Rica,Drewry,rdrewry7q@wp.com,Female,73,Dacia,Administrative Officer,Romance
Ethelbert,Moysey,emoysey7r@surveymonkey.com,Male,68,Ford,Chief Design Engineer,Thriller
Valentia,MattiCCI,vmatticci7s@nifty.com,Female,62,Ford,Quality Engineer,Romance
Hertha,Crimin,hcrimin7t@drupal.org,Female,33,Mazda,Geological Engineer,Romance
Valentine,Fitter,vfitter7u@printfriendly.com,Bigender,48,Ford,Help Desk Technician,Comedy
Bobina,Shewon,bshewon7v@gov.uk,Female,33,Fiat,Librarian,Drama
Gerick,Bagnold,gbagnold7w@delicious.com,Male,47,Ford,Nuclear Power Engineer,Horror
Brade,Tallowin,btallowin7x@gmpg.org,Male,35,Opel,Database Administrator II,Thriller
Hube,Darrow,hdarrow7y@purevolume.com,Male,21,Mazda,Speech Pathologist,Horror
Gypsy,Gun,ggun7z@unblog.fr,Female,35,Ford,Marketing Manager,Drama
Addie,Millmore,amillmore80@thetimes.co.uk,Male,62,Renault,Graphic Designer,Thriller
Renard,Leeb,rleeb81@ted.com,Male,71,Fiat,Software Test Engineer III,Thriller
Lissa,Hadley,lhadley82@comsenz.com,Female,29,Mazda,Project Manager,Drama
Jedd,Barense,jbarense83@1688.com,Male,65,Ford,Research Associate,Romance
Nevin,Alden,nalden84@hugedomains.com,Male,39,Opel,Chemical Engineer,Action
Melita,Burgan,mburgan85@t.co,Female,58,Opel,Assistant Manager,Comedy
Dionis,Kobierra,dkobierra86@skyrock.com,Female,35,Opel,Systems Administrator IV,Romance
Clem,Tompkinson,ctompkinson87@taobao.com,Male,57,Ford,Quality Engineer,Thriller
Bertram,Grigolashvill,bgrigolashvill88@smugmug.com,Male,39,Ford,Safety Technician IV,Thriller
Darlleen,Belch,dbelch89@ucla.edu,Female,69,Mazda,Nurse,Drama
Ford,Kenson,fkenson8a@facebook.com,Male,35,Opel,Graphic Designer,Thriller
Billie,Lightwing,blightwing8b@slashdot.org,Male,58,Fiat,Information Systems Manager,Horror
Junette,Matijevic,jmatijevic8c@wikispaces.com,Female,21,Ford,Budget/Accounting Analyst I,Thriller
Garald,Ivasyushkin,givasyushkin8d@si.edu,Male,31,Opel,VP Marketing,Drama
Burty,Tarbet,btarbet8e@ucoz.ru,Polygender,48,Mazda,Statistician I,Comedy
Fee,Du Plantier,fduplantier8f@bigcartel.com,Genderqueer,77,Ford,VP Product Management,Horror
Cori,Yuryaev,cyuryaev8g@edublogs.org,Male,24,Fiat,Programmer IV,Thriller
Tito,Conkey,tconkey8h@hp.com,Male,57,Dacia,VP Sales,Horror
Raleigh,Solan,rsolan8i@elpais.com,Male,69,BMW,Analyst Programmer,Comedy
Ynez,Chave,ychave8j@jiathis.com,Female,76,Fiat,VP Accounting,Comedy
Uriel,Jeram,ujeram8k@canalblog.com,Male,64,Mazda,Recruiting Manager,Romance
Jaime,Deas,jdeas8l@mozilla.org,Male,72,Dacia,Safety Technician I,Comedy
Thomasa,Connechy,tconnechy8m@ezinearticles.com,Female,26,Opel,VP Product Management,Thriller
Ardene,Sandells,asandells8n@craigslist.org,Female,35,Fiat,Recruiter,Drama
Betsy,Partrick,bpartrick8o@auda.org.au,Female,60,Renault,Social Worker,Romance
Sybil,Dick,sdick8p@bizjournals.com,Polygender,29,Opel,Teacher,Comedy
Riordan,Tumielli,rtumielli8q@yahoo.co.jp,Male,44,Dacia,Registered Nurse,Action
Roger,Tetford,rtetford8r@youku.com,Male,29,Mazda,Clinical Specialist,Horror
Raddie,Molineux,rmolineux8s@eepurl.com,Male,74,Dacia,Senior Cost Accountant,Horror
Wittie,Gritsaev,wgritsaev8t@ucsd.edu,Male,69,Opel,Director of Sales,Action
Lydia,Monksfield,lmonksfield8u@geocities.com,Female,51,Mazda,Product Engineer,Thriller
Padraig,Ivers,pivers8v@ucsd.edu,Male,80,Opel,Senior Developer,Romance
Cullie,Chesswas,cchesswas8w@wikispaces.com,Male,23,Fiat,Environmental Specialist,Action
Jilly,Fortescue,jfortescue8x@nps.gov,Non-binary,46,Mazda,Senior Sales Associate,Romance
Kris,Fillingham,kfillingham8y@skype.com,Female,41,Ford,Nurse,Thriller
Shannan,Ellacombe,sellacombe8z@nhs.uk,Male,57,Dacia,Nurse,Comedy
Agustin,Dessaur,adessaur90@scribd.com,Non-binary,48,Fiat,Administrative Officer,Romance
Shae,Mapes,smapes91@etsy.com,Female,33,Ford,Research Associate,Romance
Halsey,Genn,hgenn92@gov.uk,Male,56,Fiat,Staff Scientist,Thriller
Georges,Haywood,ghaywood93@wp.com,Male,68,BMW,Cost Accountant,Action
Godiva,Raven,graven94@nhs.uk,Female,51,Fiat,Developer I,Drama
Devora,Descroix,ddescroix95@dailymotion.com,Genderqueer,62,Renault,Nurse,Romance
Mareah,Lapree,mlapree96@va.gov,Female,47,Opel,Environmental Tech,Drama
Lucila,Wedderburn,lwedderburn97@hc360.com,Female,26,Fiat,Statistician II,Romance
Wilona,Cuss,wcuss98@surveymonkey.com,Female,35,Opel,Help Desk Technician,Horror
Cleavland,Wadeling,cwadeling99@geocities.com,Male,56,Mazda,Speech Pathologist,Drama
Rawley,Keningham,rkeningham9a@com.com,Male,22,Dacia,Quality Engineer,Action
Kellia,Keasey,kkeasey9b@harvard.edu,Female,22,Mazda,Design Engineer,Romance
Leola,Kinnerley,lkinnerley9c@europa.eu,Female,37,Renault,Food Chemist,Horror
Eada,Coste,ecoste9d@eepurl.com,Female,50,Opel,Editor,Horror
Drusilla,McAlester,dmcalester9e@etsy.com,Female,33,Mazda,Food Chemist,Comedy
Brena,McKinnell,bmckinnell9f@amazon.co.uk,Female,48,Dacia,Analyst Programmer,Horror
Benny,Woofenden,bwoofenden9g@ihg.com,Female,61,Fiat,Senior Sales Associate,Comedy
Anton,Rowdell,arowdell9h@mapy.cz,Male,23,Opel,Software Engineer III,Comedy
Galven,Antoniazzi,gantoniazzi9i@answers.com,Male,77,Dacia,Electrical Engineer,Thriller
Brody,Arnett,barnett9j@linkedin.com,Male,78,Mazda,General Manager,Romance
Kerrie,Vaughten,kvaughten9k@typepad.com,Female,22,Fiat,Senior Financial Analyst,Romance
Ambrosius,Darleston,adarleston9l@yellowpages.com,Male,78,Mazda,Web Designer III,Thriller
Andeee,Baugh,abaugh9m@angelfire.com,Genderfluid,37,Fiat,Research Nurse,Action
Vincents,Sillick,vsillick9n@freewebs.com,Male,24,Fiat,Speech Pathologist,Romance
Judith,Emms,jemms9o@hp.com,Female,59,Mazda,Sales Associate,Drama
Sybilla,Weaver,sweaver9p@flavors.me,Female,70,Opel,Nurse Practicioner,Action
Christin,Featherstonhalgh,cfeatherstonhalgh9q@economist.com,Female,76,Ford,Geological Engineer,Horror
Ivor,Houlson,ihoulson9r@ibm.com,Male,22,Opel,Paralegal,Action
Wilbert,Munro,wmunro9s@e-recht24.de,Male,53,Mazda,Librarian,Comedy
Hussein,Gettings,hgettings9t@godaddy.com,Male,21,Opel,Nuclear Power Engineer,Action
Nye,Yatman,nyatman9u@tinypic.com,Male,49,BMW,Statistician II,Action
Tybie,Maus,tmaus9v@ow.ly,Bigender,32,Fiat,Graphic Designer,Thriller
Silvana,Steel,ssteel9w@loc.gov,Female,47,Ford,Senior Sales Associate,Drama
Alard,Galley,agalley9x@wsj.com,Male,34,Fiat,Marketing Manager,Action
Lindsey,Reschke,lreschke9y@ameblo.jp,Female,79,Opel,Data Coordinator,Thriller
Alejandra,Garvan,agarvan9z@reference.com,Female,78,Opel,GIS Technical Architect,Action
Burton,Sabin,bsabina0@ifeng.com,Male,58,Ford,Clinical Specialist,Horror
Joelie,Yuill,jyuilla1@shinystat.com,Polygender,57,Mazda,Research Associate,Thriller
Rivalee,Cowley,rcowleya2@reuters.com,Female,37,Opel,Director of Sales,Horror
Sauveur,Jaycocks,sjaycocksa3@furl.net,Male,21,Mazda,Chief Design Engineer,Horror
Donal,Tremathick,dtremathicka4@bigcartel.com,Male,55,Mazda,Senior Quality Engineer,Thriller
Sterne,Harmeston,sharmestona5@dion.ne.jp,Male,36,Renault,Teacher,Action
Virgil,Isherwood,visherwooda6@va.gov,Male,35,Mazda,Quality Control Specialist,Horror
Agathe,Filyaev,afilyaeva7@elegantthemes.com,Female,58,Fiat,VP Sales,Action
Arney,Slaght,aslaghta8@mapquest.com,Male,25,Fiat,Recruiting Manager,Thriller
Cesar,Harrowsmith,charrowsmitha9@slashdot.org,Male,57,Dacia,Research Associate,Thriller
Maurizia,Prene,mpreneaa@booking.com,Female,20,Ford,Nuclear Power Engineer,Romance
West,Jacobsz,wjacobszab@feedburner.com,Male,21,Dacia,Actuary,Comedy
Franciskus,Sunley,fsunleyac@skyrock.com,Male,40,BMW,VP Accounting,Romance
Evangelia,Southway,esouthwayad@multiply.com,Female,59,Mazda,Legal Assistant,Romance
Gardner,Laidler,glaidlerae@comsenz.com,Male,46,Renault,Registered Nurse,Action
Tedmund,Rodger,trodgeraf@typepad.com,Agender,77,Mazda,Registered Nurse,Thriller
Craggy,Southern,csouthernag@gmpg.org,Male,61,Mazda,Research Assistant IV,Drama
Cherianne,Oseland,coselandah@washington.edu,Female,26,Mazda,Nurse Practicioner,Drama
Ginnie,Yeliashev,gyeliashevai@blogs.com,Female,75,BMW,Help Desk Operator,Thriller
Gabbi,Extence,gextenceaj@creativecommons.org,Female,77,Ford,Senior Editor,Comedy
Rowena,Matejovsky,rmatejovskyak@hubpages.com,Female,24,Opel,Recruiter,Action
Allin,Doohan,adoohanal@vk.com,Male,51,BMW,Staff Accountant III,Action
Elsworth,Stotherfield,estotherfieldam@japanpost.jp,Male,47,BMW,Analog Circuit Design manager,Comedy
Mac,Tilly,mtillyan@smugmug.com,Male,37,Opel,Recruiting Manager,Action
Erinna,Habbeshaw,ehabbeshawao@pbs.org,Female,35,Opel,Social Worker,Horror
Clayton,Greenset,cgreensetap@reference.com,Male,42,Renault,Business Systems Development Analyst,Comedy
Ronni,Best,rbestaq@timesonline.co.uk,Female,43,Fiat,Programmer II,Thriller
Corrie,Leggon,cleggonar@china.com.cn,Male,23,Renault,Systems Administrator II,Romance
Lindie,Gainsford,lgainsfordas@plala.or.jp,Female,72,Ford,Librarian,Action
Torrance,Woolstenholmes,twoolstenholmesat@mtv.com,Genderqueer,55,Dacia,Occupational Therapist,Romance
Shelagh,Drinkel,sdrinkelau@aboutads.info,Female,38,BMW,Professor,Drama
Stearn,Handyside,shandysideav@buzzfeed.com,Male,46,Renault,Quality Engineer,Thriller
Andee,Gertz,agertzaw@blogs.com,Female,54,BMW,Nuclear Power Engineer,Action
Jozef,O'Lenechan,jolenechanax@icio.us,Genderqueer,54,Opel,Nuclear Power Engineer,Horror
Sergei,Esome,sesomeay@qq.com,Male,59,Mazda,Biostatistician II,Horror
Sarette,Chastel,schastelaz@eepurl.com,Female,39,Fiat,Statistician II,Drama
Sybille,Willey,swilleyb0@deviantart.com,Female,80,Dacia,Editor,Action
Ilysa,Fatkin,ifatkinb1@sina.com.cn,Female,42,Dacia,Food Chemist,Thriller
Penelope,Gilardone,pgilardoneb2@digg.com,Female,57,Renault,Internal Auditor,Thriller
Jeffy,Scotchmur,jscotchmurb3@wikipedia.org,Male,36,Ford,VP Accounting,Thriller
Staffard,Withrop,swithropb4@amazonaws.com,Male,23,Fiat,Financial Analyst,Drama
Marcelline,Lorking,mlorkingb5@sina.com.cn,Female,42,Dacia,Database Administrator I,Thriller
Cassaundra,Buscher,cbuscherb6@163.com,Female,75,BMW,Structural Engineer,Horror
Anna-maria,Southcomb,asouthcombb7@technorati.com,Female,69,BMW,Professor,Thriller
Delbert,Catmull,dcatmullb8@gov.uk,Male,52,Mazda,Sales Representative,Comedy
Broderick,Mapis,bmapisb9@cdbaby.com,Male,72,Dacia,Clinical Specialist,Horror
Leonerd,Elves,lelvesba@gravatar.com,Agender,24,Renault,Tax Accountant,Drama
Antin,Leng,alengbb@istockphoto.com,Male,23,Renault,Tax Accountant,Horror
Edwina,Baxstair,ebaxstairbc@sogou.com,Female,68,Mazda,Environmental Tech,Drama
Andromache,Vidineev,avidineevbd@wsj.com,Female,27,Opel,Accountant I,Action
Tuesday,Danslow,tdanslowbe@utexas.edu,Female,37,Renault,Electrical Engineer,Action
Les,McBeith,lmcbeithbf@fastcompany.com,Male,39,Ford,Developer I,Romance
Drona,Tomek,dtomekbg@weather.com,Female,46,Mazda,Nurse Practicioner,Action
Wendeline,Sapauton,wsapautonbh@arizona.edu,Female,44,Ford,Staff Scientist,Thriller
Alejandra,Burland,aburlandbi@foxnews.com,Female,30,Fiat,Technical Writer,Action
Freemon,Pinchin,fpinchinbj@twitter.com,Male,52,Mazda,Web Developer I,Romance
Creight,Morais,cmoraisbk@51.la,Male,76,Renault,Quality Engineer,Romance
Gorden,Markus,gmarkusbl@multiply.com,Male,58,Mazda,Recruiting Manager,Action
Chiquita,Fullwood,cfullwoodbm@hp.com,Female,39,Ford,Community Outreach Specialist,Romance
Madelena,Henkens,mhenkensbn@discovery.com,Female,73,BMW,Structural Analysis Engineer,Drama
Dinny,Rizziello,drizziellobo@smugmug.com,Female,33,Mazda,Director of Sales,Thriller
Jim,Lente,jlentebp@icio.us,Male,20,Dacia,Social Worker,Action
Daile,Ballaam,dballaambq@dropbox.com,Female,59,Mazda,Payment Adjustment Coordinator,Romance
Wallie,Truse,wtrusebr@flavors.me,Female,50,Opel,Senior Sales Associate,Comedy
Wilbur,Veart,wveartbs@cnet.com,Male,65,Renault,Speech Pathologist,Horror
Lila,Carlick,lcarlickbt@squarespace.com,Female,28,Opel,Business Systems Development Analyst,Horror
Myles,Shasnan,mshasnanbu@angelfire.com,Male,27,Ford,Nuclear Power Engineer,Action
Sergeant,Sibylla,ssibyllabv@google.co.jp,Male,44,Renault,Physical Therapy Assistant,Horror
Angelle,Gerge,agergebw@pbs.org,Female,71,Fiat,Operator,Action
Val,Hattiff,vhattiffbx@chron.com,Female,20,BMW,Staff Accountant II,Romance
Kalle,Curnnok,kcurnnokby@nih.gov,Male,75,Renault,Computer Systems Analyst III,Romance
Maribeth,Papps,mpappsbz@mysql.com,Polygender,21,Renault,Quality Engineer,Comedy
Prentiss,Gillion,pgillionc0@nasa.gov,Male,75,Fiat,Media Manager III,Drama
Mortimer,Prisley,mprisleyc1@phoca.cz,Male,63,Renault,Financial Analyst,Drama
Winfred,Wear,wwearc2@usda.gov,Male,25,Mazda,GIS Technical Architect,Horror
Brigham,Willshee,bwillsheec3@businessinsider.com,Male,79,Fiat,Quality Engineer,Action
Consuelo,McCaskill,cmccaskillc4@ihg.com,Female,57,BMW,Administrative Assistant IV,Drama
Wainwright,Grichukhin,wgrichukhinc5@163.com,Male,66,Ford,Structural Analysis Engineer,Romance
June,Bothe,jbothec6@mlb.com,Female,55,BMW,Pharmacist,Drama
Carolina,O'Carrol,cocarrolc7@netlog.com,Female,46,Ford,Programmer Analyst III,Horror
Connie,Whiteside,cwhitesidec8@java.com,Non-binary,77,Fiat,Community Outreach Specialist,Thriller
Ricard,Horsell,rhorsellc9@cbsnews.com,Male,65,Dacia,Design Engineer,Thriller
Virgie,Bullus,vbullusca@google.com.hk,Female,75,Ford,Quality Control Specialist,Comedy
Benjamen,Opie,bopiecb@mozilla.org,Male,72,Dacia,Biostatistician II,Romance
Vito,Proback,vprobackcc@theglobeandmail.com,Genderfluid,43,Mazda,Senior Sales Associate,Action
Bert,Ferreri,bferrericd@goo.gl,Female,80,BMW,Community Outreach Specialist,Romance
Ari,Theis,atheisce@t.co,Male,68,BMW,Safety Technician I,Comedy
Claudius,Krzyzowski,ckrzyzowskicf@vimeo.com,Male,54,Opel,Structural Engineer,Thriller
Linnell,Surgener,lsurgenercg@craigslist.org,Bigender,71,Opel,Administrative Officer,Horror
Rosina,Daish,rdaishch@auda.org.au,Female,64,Renault,VP Sales,Drama
Dayle,Peter,dpeterci@parallels.com,Female,52,Fiat,Developer III,Thriller
Toby,Sauvage,tsauvagecj@buzzfeed.com,Male,43,BMW,Geological Engineer,Comedy
Pearline,Bubear,pbubearck@pen.io,Female,43,Opel,Nurse,Drama
Domingo,O'Heaney,doheaneycl@scribd.com,Male,66,BMW,Web Designer III,Horror
Bent,Whitland,bwhitlandcm@shop-pro.jp,Polygender,36,BMW,Developer I,Comedy
Karlens,Baldacchi,kbaldacchicn@geocities.com,Male,25,Renault,Business Systems Development Analyst,Thriller
Thedrick,Shurrocks,tshurrocksco@home.pl,Male,55,Dacia,Legal Assistant,Comedy
Vin,Hosten,vhostencp@liveinternet.ru,Male,53,Ford,Human Resources Manager,Thriller
Ara,Bellsham,abellshamcq@nsw.gov.au,Male,42,Fiat,Senior Sales Associate,Action
Millicent,Heggman,mheggmancr@berkeley.edu,Female,53,Mazda,Accountant IV,Thriller
Aymer,Gaddas,agaddascs@ustream.tv,Male,62,Fiat,Chemical Engineer,Drama
Etty,Rewcassell,erewcassellct@4shared.com,Female,39,Dacia,Staff Accountant IV,Thriller
Krishna,McArthur,kmcarthurcu@tiny.cc,Male,80,Ford,Software Test Engineer III,Thriller
Caro,Armor,carmorcv@alibaba.com,Female,35,Mazda,Teacher,Action
Fredrick,Oldknow,foldknowcw@paginegialle.it,Male,64,Fiat,Electrical Engineer,Drama
Alane,Mitchenson,amitchensoncx@ustream.tv,Female,33,Fiat,Quality Control Specialist,Thriller
Daryle,Gianni,dgiannicy@nbcnews.com,Male,24,Opel,Teacher,Drama
Guenna,Querree,gquerreecz@seesaa.net,Female,68,Dacia,Operator,Comedy
Herculie,Dransfield,hdransfieldd0@google.ru,Male,27,Opel,Help Desk Operator,Drama
Willey,MacFarlan,wmacfarland1@wordpress.org,Male,30,Opel,Senior Financial Analyst,Drama
Rorie,Cumbes,rcumbesd2@uiuc.edu,Female,36,Renault,Administrative Officer,Action
Annadiana,Beetham,abeethamd3@foxnews.com,Female,46,Dacia,Clinical Specialist,Comedy
Urson,Osipov,uosipovd4@bravesites.com,Male,20,Renault,Analog Circuit Design manager,Thriller
Abbe,Sayburn,asayburnd5@dedecms.com,Genderfluid,60,Opel,Senior Cost Accountant,Romance
Olivier,Douch,odouchd6@nbcnews.com,Male,67,Dacia,Software Engineer IV,Horror
Estel,Bampforth,ebampforthd7@friendfeed.com,Female,34,BMW,Speech Pathologist,Action
Jody,Hamilton,jhamiltond8@bbc.co.uk,Female,62,Renault,Environmental Specialist,Comedy
Turner,Beyn,tbeynd9@deviantart.com,Male,29,Opel,Assistant Manager,Comedy
Adelice,Gabbot,agabbotda@simplemachines.org,Female,34,Mazda,Geological Engineer,Action
Amargo,Donaway,adonawaydb@shareasale.com,Female,29,Renault,Civil Engineer,Comedy
Bil,Iacomettii,biacomettiidc@soundcloud.com,Male,42,Dacia,Research Assistant III,Comedy
Padraic,Colt,pcoltdd@amazon.co.jp,Male,42,BMW,Design Engineer,Thriller
Sanford,Seago,sseagode@go.com,Male,57,Opel,Software Consultant,Thriller
Riobard,Jandl,rjandldf@columbia.edu,Male,39,Mazda,Data Coordinator,Romance
Irma,Dunley,idunleydg@admin.ch,Female,20,Fiat,Project Manager,Comedy
Dena,Cannan,dcannandh@jimdo.com,Female,25,BMW,Help Desk Technician,Romance
Gayler,Cowerd,gcowerddi@etsy.com,Male,28,Ford,Help Desk Technician,Horror
Stacia,Pellissier,spellissierdj@cdc.gov,Agender,78,BMW,Structural Analysis Engineer,Action
Camilla,Gershom,cgershomdk@addthis.com,Bigender,61,Dacia,Engineer III,Drama
Franni,Astridge,fastridgedl@weebly.com,Female,37,BMW,Geologist II,Horror
Vincenz,Christian,vchristiandm@google.it,Male,33,Renault,Quality Control Specialist,Action
Towney,O' Driscoll,todriscolldn@salon.com,Male,71,Dacia,Database Administrator I,Action
Ramona,Morando,rmorandodo@alexa.com,Female,79,Dacia,Senior Sales Associate,Horror
Carie,Bengle,cbengledp@jalbum.net,Female,61,Mazda,Dental Hygienist,Comedy
Guglielmo,Mortlock,gmortlockdq@cam.ac.uk,Male,29,Dacia,Design Engineer,Action
Gerhardine,Obispo,gobispodr@artisteer.com,Female,71,Opel,Graphic Designer,Thriller
Emery,Satchell,esatchellds@dell.com,Male,49,Fiat,Project Manager,Drama
Gerri,Bielfeld,gbielfelddt@rakuten.co.jp,Female,36,Fiat,Chemical Engineer,Drama
Major,Battelle,mbattelledu@google.ca,Male,71,Opel,Programmer Analyst III,Thriller
Oby,Guierre,oguierredv@salon.com,Male,50,Opel,Professor,Action
Delbert,Pendlebery,dpendleberydw@google.de,Male,75,Renault,Environmental Specialist,Comedy
Humphrey,Kierans,hkieransdx@netscape.com,Male,37,Fiat,Account Executive,Romance
Geneva,Cristobal,gcristobaldy@reference.com,Female,30,Renault,Environmental Tech,Action
Kirby,Dougal,kdougaldz@google.com.br,Male,48,BMW,Physical Therapy Assistant,Horror
Delly,Ortmann,dortmanne0@sbwire.com,Female,57,BMW,Electrical Engineer,Thriller
Tim,Allenson,tallensone1@hostgator.com,Male,74,Mazda,Physical Therapy Assistant,Horror
Waverley,McLagain,wmclagaine2@dropbox.com,Non-binary,54,Renault,Nurse Practicioner,Action
Juliet,Wayon,jwayone3@nyu.edu,Female,62,Fiat,Media Manager II,Thriller
Tiebold,Backshell,tbackshelle4@quantcast.com,Non-binary,28,Dacia,Budget/Accounting Analyst III,Drama
Stern,Godspeede,sgodspeedee5@senate.gov,Male,36,Opel,Budget/Accounting Analyst IV,Comedy
Case,Stilling,cstillinge6@vistaprint.com,Male,30,Ford,Professor,Action
Averell,Harwell,aharwelle7@chronoengine.com,Non-binary,44,Renault,Food Chemist,Drama
Rebekah,Boolsen,rboolsene8@microsoft.com,Female,25,Dacia,Information Systems Manager,Thriller
Fanechka,Klausen,fklausene9@usgs.gov,Bigender,51,Opel,Senior Financial Analyst,Action
Silas,Sworder,ssworderea@eepurl.com,Male,51,Opel,Information Systems Manager,Action
Rice,Weston,rwestoneb@chronoengine.com,Male,31,Opel,Senior Financial Analyst,Comedy
Erhart,Macoun,emacounec@goodreads.com,Male,64,Mazda,Sales Representative,Comedy
Brear,Leverette,bleveretteed@google.com.au,Female,72,BMW,Librarian,Horror
Ruggiero,McKenna,rmckennaee@example.com,Male,76,Dacia,Account Coordinator,Romance
Cyrill,Banfield,cbanfieldef@chronoengine.com,Male,53,Ford,Geological Engineer,Action
Rutledge,Spurden,rspurdeneg@tamu.edu,Male,49,Mazda,Administrative Officer,Comedy
Starr,Heazel,sheazeleh@i2i.jp,Female,55,Ford,Mechanical Systems Engineer,Comedy
Bari,Imesson,bimessonei@sakura.ne.jp,Agender,70,Dacia,Registered Nurse,Romance
Natalina,Crosston,ncrosstonej@deliciousdays.com,Female,62,Ford,Graphic Designer,Drama
Pennie,Hallgalley,phallgalleyek@alibaba.com,Female,48,Fiat,VP Quality Control,Thriller
Waylin,Tabbernor,wtabbernorel@plala.or.jp,Male,50,Dacia,Database Administrator II,Action
Eunice,Joriot,ejoriotem@unc.edu,Polygender,71,Renault,Accountant II,Action
Manda,Whitehall,mwhitehallen@people.com.cn,Female,21,Opel,VP Quality Control,Thriller
Lolly,Reid,lreideo@dropbox.com,Female,51,BMW,Software Engineer IV,Horror
Cornelius,Robertsson,crobertssonep@scientificamerican.com,Male,52,Mazda,Product Engineer,Comedy
Tomas,Emberson,tembersoneq@walmart.com,Genderfluid,22,Renault,Electrical Engineer,Thriller
Cheri,Cruickshanks,ccruickshankser@dion.ne.jp,Female,23,Ford,Programmer II,Thriller
Cahra,Harower,charoweres@sitemeter.com,Female,36,Opel,Graphic Designer,Romance
Doll,Fealey,dfealeyet@comsenz.com,Female,75,Dacia,Quality Control Specialist,Romance
Reid,Mallaby,rmallabyeu@skype.com,Male,78,Renault,Analyst Programmer,Action
Kriste,Lycett,klycettev@paginegialle.it,Bigender,39,Opel,VP Product Management,Thriller
Cicily,Kuhlen,ckuhlenew@sun.com,Female,73,Dacia,Senior Editor,Thriller
Toni,Karim,tkarimex@1und1.de,Female,72,Opel,Research Assistant IV,Horror
Rowena,Lambol,rlamboley@dmoz.org,Female,44,Dacia,Senior Cost Accountant,Horror
Jamie,Geraldo,jgeraldoez@live.com,Female,21,Renault,Director of Sales,Romance
Robena,Lent,rlentf0@cbsnews.com,Female,26,Renault,Health Coach IV,Horror
Rudiger,Maseres,rmaseresf1@about.me,Male,63,Ford,Cost Accountant,Romance
Emelita,Seviour,eseviourf2@yahoo.co.jp,Female,62,Ford,Chief Design Engineer,Comedy
Yankee,Summons,ysummonsf3@reuters.com,Male,23,Opel,Research Associate,Action
Shela,Henric,shenricf4@phoca.cz,Female,54,BMW,Programmer Analyst II,Horror
Forster,Cayley,fcayleyf5@joomla.org,Male,30,Ford,Speech Pathologist,Romance
Hilario,Dachey,hdacheyf6@google.co.jp,Male,42,Dacia,Product Engineer,Romance
Marv,Jovey,mjoveyf7@springer.com,Male,52,BMW,Administrative Assistant III,Horror
Billye,Woolcocks,bwoolcocksf8@ucoz.ru,Female,51,Dacia,Payment Adjustment Coordinator,Drama
Misty,Charlson,mcharlsonf9@wired.com,Female,33,Dacia,Staff Accountant III,Action
Goober,Alvarado,galvaradofa@g.co,Male,20,BMW,Computer Systems Analyst III,Horror
Garvin,Lattka,glattkafb@fema.gov,Male,38,Dacia,Recruiter,Romance
Alica,Gullefant,agullefantfc@stanford.edu,Female,46,Fiat,Senior Sales Associate,Romance
Grace,Sate,gsatefd@github.io,Female,77,Fiat,Desktop Support Technician,Thriller
Robinia,Kyteley,rkyteleyfe@ucoz.com,Female,60,Mazda,Marketing Manager,Comedy
Neal,MacGinlay,nmacginlayff@theatlantic.com,Male,33,Mazda,Editor,Horror
Noach,Athey,natheyfg@sfgate.com,Male,70,Renault,Marketing Assistant,Drama
Vitia,Canet,vcanetfh@sina.com.cn,Female,65,Ford,Geological Engineer,Action
Zitella,Feronet,zferonetfi@taobao.com,Bigender,28,Fiat,Geological Engineer,Romance
Zack,Feilden,zfeildenfj@japanpost.jp,Male,27,Mazda,Analog Circuit Design manager,Thriller
Kinna,Scrivinor,kscrivinorfk@un.org,Female,30,Opel,Sales Representative,Thriller
Neala,Painswick,npainswickfl@nyu.edu,Genderfluid,79,Mazda,Research Nurse,Thriller
Frannie,Prazer,fprazerfm@usa.gov,Male,73,BMW,Mechanical Systems Engineer,Action
Larissa,Murrill,lmurrillfn@instagram.com,Female,54,Mazda,Payment Adjustment Coordinator,Comedy
Freddi,Pablo,fpablofo@statcounter.com,Bigender,64,Opel,Pharmacist,Drama
Gallagher,Gilks,ggilksfp@tinyurl.com,Male,57,Mazda,Clinical Specialist,Action
Steve,Aslam,saslamfq@wufoo.com,Male,61,Dacia,Staff Scientist,Drama
Jonis,Brimble,jbrimblefr@bing.com,Non-binary,37,BMW,Software Consultant,Romance
Jimmy,Pratt,jprattfs@mail.ru,Male,67,Renault,Registered Nurse,Thriller
Dionis,Lissandrini,dlissandrinift@istockphoto.com,Female,69,Fiat,Web Designer I,Thriller
Padraig,Yellop,pyellopfu@slideshare.net,Male,25,Ford,Structural Engineer,Drama
Alfons,Fransson,afranssonfv@dedecms.com,Male,30,Mazda,Staff Accountant III,Action
Jaynell,Chennells,jchennellsfw@columbia.edu,Female,20,Fiat,Structural Analysis Engineer,Action
Cori,Sparrowhawk,csparrowhawkfx@spotify.com,Female,34,Opel,Help Desk Operator,Romance
Adelina,Mournian,amournianfy@a8.net,Bigender,38,BMW,GIS Technical Architect,Thriller
Valaria,Markl,vmarklfz@wordpress.org,Female,32,Mazda,Food Chemist,Thriller
Renate,Zanutti,rzanuttig0@google.es,Genderqueer,63,Dacia,VP Sales,Thriller
Paquito,Trahar,ptraharg1@slashdot.org,Male,53,Opel,Payment Adjustment Coordinator,Thriller
Penrod,Keat,pkeatg2@merriam-webster.com,Male,59,Opel,Financial Advisor,Horror
Devondra,Allner,dallnerg3@discuz.net,Female,80,BMW,Paralegal,Comedy
Felipa,Yakovitch,fyakovitchg4@ameblo.jp,Female,61,Renault,Senior Developer,Horror
Cecilio,Crome,ccromeg5@weather.com,Genderfluid,71,Fiat,Tax Accountant,Action
Frederik,Littlechild,flittlechildg6@thetimes.co.uk,Male,44,BMW,Speech Pathologist,Drama
Natasha,Troctor,ntroctorg7@mapy.cz,Female,67,Dacia,Structural Engineer,Horror
Aleda,Croisdall,acroisdallg8@comcast.net,Female,62,Ford,Data Coordinator,Drama
Brittaney,Noriega,bnoriegag9@edublogs.org,Female,24,BMW,Actuary,Comedy
Pattie,Drysdell,pdrysdellga@meetup.com,Male,25,Ford,Sales Associate,Romance
Whit,Lindelof,wlindelofgb@hexun.com,Male,30,Opel,Cost Accountant,Romance
Jo-ann,Spitell,jspitellgc@friendfeed.com,Female,45,Mazda,GIS Technical Architect,Comedy
Pieter,Hargrove,phargrovegd@furl.net,Male,25,Fiat,Assistant Media Planner,Action
Louisette,Bougourd,lbougourdge@drupal.org,Female,32,BMW,Senior Quality Engineer,Comedy
Montague,Kilford,mkilfordgf@bbb.org,Male,68,Fiat,Data Coordinator,Thriller
Ruttger,Atte-Stone,rattestonegg@google.ca,Male,22,BMW,Web Developer II,Action
Wat,McKennan,wmckennangh@ehow.com,Male,74,Opel,Technical Writer,Action
Geoffrey,Riveles,grivelesgi@reddit.com,Male,67,Renault,Web Designer I,Comedy
Frederique,Burburough,fburburoughgj@prlog.org,Female,22,Renault,Product Engineer,Thriller
Jephthah,Kermeen,jkermeengk@mail.ru,Male,51,Renault,Technical Writer,Drama
Antony,Trouel,atrouelgl@dell.com,Male,77,Mazda,Automation Specialist III,Action
Gery,Frigout,gfrigoutgm@prlog.org,Male,37,Mazda,Senior Developer,Action
Benito,Russ,brussgn@cpanel.net,Male,63,Mazda,Research Assistant III,Thriller
Em,Luetchford,eluetchfordgo@purevolume.com,Female,71,Fiat,Accountant III,Comedy
Nils,Knobell,nknobellgp@desdev.cn,Male,67,BMW,Information Systems Manager,Comedy
Reinaldo,Haldane,rhaldanegq@hugedomains.com,Male,73,Ford,Food Chemist,Horror
Burnaby,Domenicone,bdomeniconegr@scientificamerican.com,Male,58,Renault,Paralegal,Drama
Constantina,Budge,cbudgegs@ucla.edu,Female,74,Mazda,VP Marketing,Thriller
Lyndel,Firpi,lfirpigt@goodreads.com,Female,33,Ford,Senior Developer,Thriller
Susanne,Tigwell,stigwellgu@phoca.cz,Female,48,Renault,VP Accounting,Action
Paolo,Davidof,pdavidofgv@cdbaby.com,Male,24,Mazda,Web Developer III,Action
Mechelle,Barensky,mbarenskygw@google.pl,Female,39,Fiat,Pharmacist,Comedy
Jennee,Loncaster,jloncastergx@tripadvisor.com,Female,57,Ford,Junior Executive,Drama
Jesse,Pratty,jprattygy@delicious.com,Male,69,BMW,Engineer IV,Comedy
Niel,Tregunnah,ntregunnahgz@amazon.de,Male,50,Renault,Food Chemist,Action
Reese,Dailly,rdaillyh0@altervista.org,Male,66,Dacia,Account Coordinator,Horror
Kassia,Glascott,kglascotth1@columbia.edu,Female,63,Ford,Developer I,Thriller
Merralee,Kelwick,mkelwickh2@list-manage.com,Female,58,BMW,Design Engineer,Romance
Valentino,Dohmer,vdohmerh3@seesaa.net,Male,59,Ford,Payment Adjustment Coordinator,Drama
Brynn,Bischop,bbischoph4@ca.gov,Female,26,Renault,Web Designer IV,Comedy
Nancee,Coat,ncoath5@linkedin.com,Female,24,Opel,Software Test Engineer IV,Drama
Tani,de Zamora,tdezamorah6@paypal.com,Female,48,Renault,Geological Engineer,Action
Marni,Drogan,mdroganh7@jiathis.com,Female,72,Opel,Research Assistant I,Thriller
Enrico,Maskew,emaskewh8@businesswire.com,Polygender,46,Dacia,Health Coach I,Comedy
Abigael,Erickson,aericksonh9@google.de,Female,48,Dacia,Staff Accountant I,Action
Bette,Barca,bbarcaha@hao123.com,Female,45,Ford,Senior Sales Associate,Romance
Nathaniel,Collett,ncolletthb@wikispaces.com,Male,59,Mazda,Marketing Assistant,Romance
Dell,Maruszewski,dmaruszewskihc@de.vu,Male,50,Opel,Database Administrator II,Thriller
Lilly,Pardon,lpardonhd@sfgate.com,Female,75,Dacia,Geologist I,Thriller
Ignazio,Pordal,ipordalhe@dyndns.org,Male,61,BMW,Recruiting Manager,Comedy
Brittany,Christou,bchristouhf@nymag.com,Agender,41,Dacia,Information Systems Manager,Romance
Finn,Fennelow,ffennelowhg@tripod.com,Male,57,Mazda,Nurse,Drama
Natasha,Sobey,nsobeyhh@ow.ly,Female,72,Mazda,Financial Analyst,Romance
Fletch,Ciccotti,fciccottihi@chron.com,Male,33,Fiat,Sales Associate,Drama
Merrill,Ogilvy,mogilvyhj@accuweather.com,Male,48,Mazda,Human Resources Manager,Romance
Haily,Boxhill,hboxhillhk@cargocollective.com,Female,20,Fiat,Geologist IV,Horror
Catharine,Cuddehy,ccuddehyhl@house.gov,Female,21,BMW,Human Resources Assistant III,Drama
Ingemar,Ollerenshaw,iollerenshawhm@cargocollective.com,Genderqueer,21,Mazda,Nurse Practicioner,Horror
Jamaal,Gasquoine,jgasquoinehn@artisteer.com,Male,67,Ford,GIS Technical Architect,Comedy
Catarina,Waddams,cwaddamsho@histats.com,Female,50,Renault,Accountant III,Horror
Garald,Ruslen,gruslenhp@reddit.com,Male,50,Dacia,Technical Writer,Horror
Harlan,Gristhwaite,hgristhwaitehq@csmonitor.com,Male,26,BMW,Desktop Support Technician,Romance
Lucho,Fullerlove,lfullerlovehr@amazon.co.uk,Male,32,Fiat,Environmental Tech,Action
Aron,Stummeyer,astummeyerhs@bloglovin.com,Male,36,Opel,Tax Accountant,Comedy
Lu,Hurdle,lhurdleht@youtube.com,Female,50,Dacia,Human Resources Assistant II,Drama
Felix,Pigne,fpignehu@cpanel.net,Genderqueer,30,Renault,GIS Technical Architect,Thriller
Holden,Lathaye,hlathayehv@vistaprint.com,Male,36,Renault,Civil Engineer,Romance
Annamaria,McKeady,amckeadyhw@quantcast.com,Female,59,Ford,Statistician III,Horror
Melesa,Neylan,mneylanhx@wix.com,Female,62,Mazda,Sales Representative,Horror
Hammad,Mulhall,hmulhallhy@goo.gl,Male,63,Ford,Web Developer I,Action
Monroe,Casacchia,mcasacchiahz@engadget.com,Male,21,BMW,Engineer I,Drama
Fernande,Gudgen,fgudgeni0@qq.com,Female,23,Mazda,Chief Design Engineer,Romance
Tanny,Jerromes,tjerromesi1@gmpg.org,Male,31,Dacia,Research Associate,Romance
Eada,Balasini,ebalasinii2@youku.com,Female,56,BMW,Help Desk Operator,Horror
Aeriell,Yandell,ayandelli3@java.com,Female,79,Ford,Structural Engineer,Comedy
Rogers,Mesnard,rmesnardi4@phpbb.com,Male,61,Fiat,Teacher,Drama
Rutledge,Marmion,rmarmioni5@flickr.com,Bigender,53,Renault,Programmer IV,Comedy
Ofella,Novill,onovilli6@goo.ne.jp,Female,78,Dacia,Teacher,Action
Jennifer,Repper,jrepperi7@springer.com,Genderfluid,74,Opel,Accounting Assistant I,Romance
Archibold,Gilks,agilksi8@meetup.com,Male,76,BMW,Executive Secretary,Action
Peadar,Ralph,pralphi9@skype.com,Male,25,Renault,Clinical Specialist,Thriller
Evy,MacCosto,emaccostoia@google.com.br,Female,43,Mazda,Senior Cost Accountant,Comedy
Lorita,Aronsohn,laronsohnib@netvibes.com,Female,67,Mazda,Registered Nurse,Drama
Ripley,Diprose,rdiproseic@businesswire.com,Male,45,Fiat,Sales Representative,Thriller
Francklin,Larraway,flarrawayid@webeden.co.uk,Male,34,Renault,Business Systems Development Analyst,Action
Gisela,Karpenya,gkarpenyaie@toplist.cz,Female,72,Fiat,Safety Technician III,Horror
Iona,Guess,iguessif@alexa.com,Female,60,Renault,Structural Engineer,Drama
Dee dee,Junkin,djunkinig@hp.com,Female,77,Ford,Legal Assistant,Horror
Davide,Von Hindenburg,dvonhindenburgih@wired.com,Male,35,Mazda,Analog Circuit Design manager,Horror
Megen,Bahike,mbahikeii@instagram.com,Female,70,Renault,Research Nurse,Horror
Stacie,Cassius,scassiusij@meetup.com,Female,62,Opel,Technical Writer,Comedy
Nerte,Wallbanks,nwallbanksik@eepurl.com,Bigender,47,BMW,Senior Cost Accountant,Comedy
Hugo,Gascoyen,hgascoyenil@webnode.com,Male,62,Renault,Pharmacist,Comedy
Eula,Timbs,etimbsim@sakura.ne.jp,Female,72,Fiat,Actuary,Horror
Tiebout,Pilipyak,tpilipyakin@artisteer.com,Male,49,Fiat,Staff Accountant I,Comedy
Merl,Mont,mmontio@tuttocitta.it,Female,68,Fiat,Assistant Manager,Romance
Elonore,Asker,easkerip@adobe.com,Non-binary,66,Dacia,Assistant Media Planner,Action
Tito,Arons,taronsiq@comsenz.com,Male,50,Ford,Registered Nurse,Thriller
Jennette,Vasile,jvasileir@nih.gov,Female,20,BMW,Sales Representative,Drama
Andrus,Goodbairn,agoodbairnis@diigo.com,Male,76,Fiat,VP Accounting,Drama
Karlyn,Dugall,kdugallit@networkadvertising.org,Female,52,Mazda,Financial Advisor,Comedy
Lief,Lowle,llowleiu@creativecommons.org,Male,78,Renault,Health Coach IV,Drama
Monique,Imorts,mimortsiv@sakura.ne.jp,Female,25,Ford,Registered Nurse,Horror
Wilhelm,Risbrough,wrisbroughiw@ocn.ne.jp,Male,49,Fiat,Data Coordinator,Drama
Merrielle,Perago,mperagoix@narod.ru,Female,27,Fiat,Human Resources Manager,Action
Sharia,Seagrove,sseagroveiy@businessweek.com,Non-binary,45,Mazda,Safety Technician III,Thriller
Marquita,Dellatorre,mdellatorreiz@scribd.com,Female,32,Renault,Media Manager II,Drama
Blancha,Cloney,bcloneyj0@usda.gov,Female,24,Fiat,Safety Technician I,Thriller
Maia,Kalkofen,mkalkofenj1@google.co.uk,Female,75,Dacia,Civil Engineer,Comedy
Skippie,Worthy,sworthyj2@wsj.com,Male,29,BMW,Clinical Specialist,Thriller
Jessa,Smalls,jsmallsj3@spotify.com,Female,58,Fiat,Recruiter,Drama
Land,Olwen,lolwenj4@simplemachines.org,Agender,61,BMW,Accountant III,Romance
Carr,Bastistini,cbastistinij5@cnn.com,Male,25,BMW,Geological Engineer,Horror
Yoko,Kelmere,ykelmerej6@rakuten.co.jp,Female,40,Opel,Actuary,Action
Lance,Battison,lbattisonj7@rediff.com,Male,25,Ford,Software Test Engineer II,Romance
Quentin,Jurczak,qjurczakj8@drupal.org,Agender,43,Fiat,Web Designer III,Romance
Constantina,McCawley,cmccawleyj9@mediafire.com,Female,80,Dacia,VP Marketing,Horror
Regan,Pere,rpereja@ovh.net,Female,76,Renault,Community Outreach Specialist,Drama
Lannie,Parfitt,lparfittjb@yellowpages.com,Male,23,Mazda,Nuclear Power Engineer,Comedy
Abbey,Vain,avainjc@indiatimes.com,Female,20,Fiat,Marketing Manager,Horror
Lalo,Devitt,ldevittjd@boston.com,Genderfluid,64,BMW,Sales Associate,Horror
Nerissa,Maier,nmaierje@springer.com,Female,44,Mazda,Sales Representative,Romance
Cherilyn,Grishankov,cgrishankovjf@wordpress.com,Female,22,Opel,Senior Editor,Comedy
Anestassia,Barens,abarensjg@dell.com,Female,43,Ford,VP Accounting,Drama
Torin,Farrimond,tfarrimondjh@utexas.edu,Male,64,Opel,Analyst Programmer,Drama
Ashla,Farndell,afarndellji@newyorker.com,Female,40,Opel,Chief Design Engineer,Action
Jacenta,Evers,jeversjj@phoca.cz,Non-binary,64,Dacia,Software Consultant,Action
Pamella,Donaldson,pdonaldsonjk@hexun.com,Female,47,Mazda,Human Resources Manager,Comedy
Ursula,Kinghorne,ukinghornejl@nymag.com,Female,50,Dacia,Professor,Horror
Nappy,Marre,nmarrejm@hatena.ne.jp,Male,54,Renault,Senior Cost Accountant,Comedy
Edgard,Kinsell,ekinselljn@pagesperso-orange.fr,Male,49,Mazda,Assistant Manager,Horror
Ev,Samwell,esamwelljo@plala.or.jp,Male,67,Mazda,Editor,Action
Leonidas,Rodden,lroddenjp@bizjournals.com,Male,54,Fiat,Geological Engineer,Action
Brigitte,MacMeekan,bmacmeekanjq@sphinn.com,Female,25,Renault,Account Coordinator,Drama
Morten,Franek,mfranekjr@yolasite.com,Agender,41,Opel,Financial Advisor,Romance
Blythe,Baxendale,bbaxendalejs@sakura.ne.jp,Female,63,Fiat,Compensation Analyst,Comedy
Brod,Vaune,bvaunejt@list-manage.com,Male,31,BMW,Media Manager II,Horror
Manon,Kirmond,mkirmondju@yale.edu,Female,37,Ford,Budget/Accounting Analyst II,Romance
Adoree,Pfeiffer,apfeifferjv@hc360.com,Female,51,Opel,Dental Hygienist,Horror
Frank,Turford,fturfordjw@omniture.com,Male,29,Ford,Executive Secretary,Thriller
Lorine,McMeekan,lmcmeekanjx@indiatimes.com,Genderqueer,47,BMW,Human Resources Assistant I,Horror
Regina,Gaylor,rgaylorjy@bigcartel.com,Female,77,Renault,Analog Circuit Design manager,Action
Angus,Bedinham,abedinhamjz@bandcamp.com,Male,44,Ford,Research Associate,Romance
Lynnell,Bessey,lbesseyk0@bluehost.com,Female,48,Ford,Software Test Engineer II,Action
Aldrich,Sicely,asicelyk1@cbsnews.com,Male,80,Opel,Media Manager I,Comedy
Natasha,Dye,ndyek2@github.com,Female,59,BMW,Graphic Designer,Romance
Simonne,Brockett,sbrockettk3@webnode.com,Female,27,Opel,Software Test Engineer I,Drama
Marje,Grimble,mgrimblek4@usda.gov,Female,24,Renault,Research Assistant III,Drama
Jacqui,Havenhand,jhavenhandk5@auda.org.au,Female,45,Fiat,Database Administrator I,Thriller
Parry,Backwell,pbackwellk6@shareasale.com,Male,26,Ford,Web Developer III,Comedy
Monique,Deluca,mdelucak7@npr.org,Female,72,Opel,VP Marketing,Horror
Olive,Combe,ocombek8@independent.co.uk,Female,27,Renault,Operator,Action
Barclay,Pritchett,bpritchettk9@disqus.com,Male,29,Opel,Legal Assistant,Drama
Jermaine,Pipe,jpipeka@stanford.edu,Female,49,Ford,Sales Associate,Drama
Henri,Service,hservicekb@usatoday.com,Male,61,Opel,Quality Engineer,Romance
Meridel,Bautiste,mbautistekc@arizona.edu,Female,24,Ford,Media Manager I,Thriller
Karia,Nisuis,knisuiskd@ox.ac.uk,Female,56,BMW,Financial Analyst,Romance
Jory,Kemer,jkemerke@taobao.com,Male,74,BMW,Structural Engineer,Horror
Florinda,Inker,finkerkf@bluehost.com,Female,51,Fiat,Automation Specialist I,Thriller
Judon,Mulvenna,jmulvennakg@networkadvertising.org,Male,62,Ford,Research Associate,Comedy
Beverley,Brasner,bbrasnerkh@usgs.gov,Female,31,BMW,Help Desk Technician,Action
Deane,Carreck,dcarreckki@technorati.com,Male,55,Fiat,Account Representative I,Action
Devi,Soppitt,dsoppittkj@usa.gov,Female,53,Dacia,Biostatistician III,Thriller
Brana,Yerrall,byerrallkk@vistaprint.com,Female,77,Dacia,Dental Hygienist,Romance
Murry,Netting,mnettingkl@usatoday.com,Male,25,Ford,Accounting Assistant IV,Thriller
Halie,Pretsell,hpretsellkm@netscape.com,Female,27,Mazda,Budget/Accounting Analyst II,Romance
Serena,Lawther,slawtherkn@e-recht24.de,Female,37,Mazda,Accountant IV,Horror
Darrell,Cockings,dcockingsko@bloglines.com,Polygender,49,Dacia,Account Representative III,Drama
Gannie,Deporte,gdeportekp@smugmug.com,Male,75,Mazda,Marketing Assistant,Drama
Sigismundo,Autin,sautinkq@booking.com,Male,20,BMW,Biostatistician IV,Comedy
Godart,Carvilla,gcarvillakr@arizona.edu,Male,52,Ford,Staff Accountant II,Comedy
Flem,Burnapp,fburnappks@rediff.com,Male,45,Dacia,Information Systems Manager,Comedy
Garfield,Davydzenko,gdavydzenkokt@xrea.com,Bigender,44,Mazda,Pharmacist,Action
Rorie,Elwill,relwillku@cornell.edu,Female,43,Ford,Administrative Assistant II,Horror
Lindsay,Frickey,lfrickeykv@cpanel.net,Female,76,Renault,Research Nurse,Comedy
Melisent,MacTrusty,mmactrustykw@miitbeian.gov.cn,Female,56,Opel,VP Marketing,Horror
Dylan,Dayes,ddayeskx@globo.com,Male,20,Mazda,Systems Administrator I,Drama
Cahra,Prandoni,cprandoniky@github.com,Female,43,Ford,Biostatistician I,Thriller
Ban,Henrie,bhenriekz@foxnews.com,Male,56,Renault,Automation Specialist I,Comedy
Cassondra,Spoole,cspoolel0@merriam-webster.com,Female,66,Renault,Sales Associate,Romance
Marietta,Headland,mheadlandl1@friendfeed.com,Male,24,Ford,Occupational Therapist,Romance
Ulrick,Chipperfield,uchipperfieldl2@google.com,Male,80,Ford,VP Product Management,Comedy
Leonidas,Wistance,lwistancel3@mapquest.com,Male,61,Dacia,Clinical Specialist,Thriller
Reggie,Abrahams,rabrahamsl4@naver.com,Male,73,BMW,Librarian,Drama
Percival,Flowers,pflowersl5@bravesites.com,Male,42,Fiat,Chemical Engineer,Comedy
Drugi,Yeoman,dyeomanl6@nps.gov,Male,47,Renault,Paralegal,Horror
Loy,Loddon,lloddonl7@so-net.ne.jp,Male,75,Mazda,GIS Technical Architect,Drama
Mallory,Raiment,mraimentl8@pinterest.com,Male,77,Fiat,Financial Advisor,Romance
Hamlen,Skim,hskiml9@diigo.com,Male,51,Opel,Librarian,Drama
Fernando,Ubank,fubankla@gizmodo.com,Male,40,Ford,Nurse,Drama
Sib,Avon,savonlb@narod.ru,Female,66,Dacia,Computer Systems Analyst IV,Horror
Gun,Tregien,gtregienlc@dion.ne.jp,Male,39,Dacia,Speech Pathologist,Drama
Maryanna,Bellefant,mbellefantld@wisc.edu,Genderqueer,61,Mazda,Database Administrator IV,Comedy
Ardelle,Bonifacio,abonifaciole@arstechnica.com,Female,46,Renault,Financial Analyst,Romance
Elfie,Python,epythonlf@dot.gov,Female,51,Renault,Geologist IV,Action
Helaina,Axtens,haxtenslg@cpanel.net,Female,44,Renault,Programmer III,Thriller
Yvette,Omand,yomandlh@elpais.com,Female,78,Mazda,Quality Control Specialist,Horror
Ransell,Giraudot,rgiraudotli@virginia.edu,Male,54,Ford,Senior Sales Associate,Thriller
Annabelle,Sevitt,asevittlj@nsw.gov.au,Female,73,Ford,Programmer IV,Romance
Bartolomeo,Pieters,bpieterslk@slideshare.net,Male,28,BMW,Senior Sales Associate,Horror
Ashly,Godspede,agodspedell@sciencedaily.com,Bigender,71,Mazda,Payment Adjustment Coordinator,Horror
Theresa,Ingarfill,tingarfilllm@whitehouse.gov,Female,67,Renault,Pharmacist,Thriller
Pammy,Hymus,phymusln@digg.com,Female,71,Dacia,Marketing Assistant,Thriller
Elsworth,Hully,ehullylo@joomla.org,Male,69,Ford,Automation Specialist III,Comedy
Ramona,Revill,rrevilllp@ning.com,Female,38,Dacia,Office Assistant II,Drama
Archambault,Edgington,aedgingtonlq@woothemes.com,Genderfluid,76,Dacia,Structural Engineer,Comedy
Raf,Oluwatoyin,roluwatoyinlr@guardian.co.uk,Female,66,BMW,Structural Engineer,Action
Dmitri,Wallbutton,dwallbuttonls@dmoz.org,Male,74,Renault,Help Desk Technician,Thriller
Laetitia,Bucknell,lbucknelllt@storify.com,Female,22,Fiat,Assistant Manager,Romance
Demetris,Dohmann,ddohmannlu@disqus.com,Female,64,Renault,Business Systems Development Analyst,Horror
Doreen,Pellissier,dpellissierlv@theatlantic.com,Female,51,Renault,VP Sales,Thriller
Babita,Kirkby,bkirkbylw@constantcontact.com,Female,74,Ford,Research Nurse,Thriller
Robbie,Grassi,rgrassilx@shutterfly.com,Male,62,Opel,Actuary,Thriller
Harmonie,Perrott,hperrottly@hp.com,Female,77,BMW,Business Systems Development Analyst,Comedy
Wilmar,Kinney,wkinneylz@wikipedia.org,Male,75,Renault,Chief Design Engineer,Action
Ynez,Norton,ynortonm0@tinypic.com,Female,58,Renault,Nuclear Power Engineer,Action
Woodrow,Lympenie,wlympeniem1@pbs.org,Male,49,Mazda,Administrative Assistant II,Action
Casie,Badder,cbadderm2@feedburner.com,Female,56,Ford,Executive Secretary,Romance
Foss,Fugere,ffugerem3@360.cn,Male,80,Ford,Business Systems Development Analyst,Action
Ogdan,Becom,obecomm4@state.tx.us,Male,47,Renault,Physical Therapy Assistant,Thriller
Stanislaw,Edy,sedym5@seesaa.net,Male,40,Mazda,Senior Developer,Action
Jen,Cahillane,jcahillanem6@live.com,Female,66,Opel,Compensation Analyst,Drama
Colly,Vereker,cverekerm7@vinaora.com,Female,38,BMW,Environmental Tech,Drama
Toinette,Crimin,tcriminm8@google.es,Female,57,Renault,Quality Control Specialist,Comedy
Jonis,Hubbucks,jhubbucksm9@about.me,Female,73,Opel,Pharmacist,Romance
Harrie,Clacey,hclaceyma@soundcloud.com,Female,24,Fiat,Librarian,Drama
Bartlett,Cupper,bcuppermb@unicef.org,Male,74,Ford,Financial Advisor,Thriller
Amandi,Pedel,apedelmc@usnews.com,Female,22,Mazda,Pharmacist,Drama
Miguela,Durdy,mdurdymd@jiathis.com,Female,39,Ford,Accountant I,Comedy
Mabelle,Vardy,mvardyme@harvard.edu,Female,59,Ford,Computer Systems Analyst II,Action
Martha,Eastgate,meastgatemf@japanpost.jp,Female,75,Fiat,Data Coordinator,Romance
Fonz,Winning,fwinningmg@amazon.co.uk,Male,27,Opel,VP Product Management,Thriller
Lothario,Cosgreave,lcosgreavemh@nationalgeographic.com,Male,51,Opel,Help Desk Technician,Action
Thaxter,Ernshaw,ternshawmi@prlog.org,Male,78,Opel,Data Coordinator,Comedy
Myriam,O'Cullen,mocullenmj@psu.edu,Female,50,Mazda,Account Coordinator,Thriller
Annabal,Aubry,aaubrymk@fema.gov,Female,28,Fiat,Speech Pathologist,Comedy
Carlye,Pinare,cpinareml@wix.com,Female,55,Dacia,Accounting Assistant I,Drama
Derwin,Barlace,dbarlacemm@is.gd,Male,63,BMW,Nurse Practicioner,Thriller
Hillard,Matuszkiewicz,hmatuszkiewiczmn@mysql.com,Male,70,Dacia,Senior Quality Engineer,Thriller
Perren,Cunnell,pcunnellmo@theglobeandmail.com,Male,21,Mazda,VP Quality Control,Romance
Serge,Braunstein,sbraunsteinmp@theglobeandmail.com,Male,63,Mazda,Marketing Manager,Thriller
Garrot,Fright,gfrightmq@creativecommons.org,Male,42,Dacia,Desktop Support Technician,Comedy
Durward,Carine,dcarinemr@hao123.com,Male,80,Ford,Associate Professor,Comedy
Rori,Bentzen,rbentzenms@ca.gov,Female,62,Renault,Statistician II,Comedy
Jessee,Thomkins,jthomkinsmt@oaic.gov.au,Non-binary,25,Renault,VP Sales,Thriller
Halley,Reeders,hreedersmu@ebay.com,Female,27,Dacia,Sales Associate,Horror
Rod,Chiddy,rchiddymv@simplemachines.org,Male,57,Dacia,Human Resources Assistant II,Horror
Morgun,Smyley,msmyleymw@boston.com,Male,56,Ford,Web Designer I,Horror
Alan,Brereton,abreretonmx@cpanel.net,Genderqueer,55,Dacia,Senior Cost Accountant,Action
Lisette,Rentoll,lrentollmy@japanpost.jp,Female,75,Fiat,Environmental Tech,Action
Ruby,Sherston,rsherstonmz@time.com,Non-binary,69,Renault,Financial Advisor,Action
Milo,MacCauley,mmaccauleyn0@hc360.com,Male,60,Mazda,Desktop Support Technician,Comedy
Giacopo,Gillfillan,ggillfillann1@mac.com,Male,25,Ford,Research Associate,Comedy
Stu,Abson,sabsonn2@cam.ac.uk,Bigender,60,Mazda,VP Accounting,Drama
Enrico,Goakes,egoakesn3@nature.com,Male,52,BMW,Senior Cost Accountant,Romance
Quintina,Saban,qsabann4@trellian.com,Non-binary,41,Fiat,Web Developer III,Horror
Robena,Matussevich,rmatussevichn5@wp.com,Female,35,Ford,Statistician IV,Comedy
Juline,De Mars,jdemarsn6@nature.com,Female,50,Dacia,Operator,Action
Terrijo,Dach,tdachn7@imgur.com,Female,76,BMW,Design Engineer,Romance
Electra,Naylor,enaylorn8@wufoo.com,Female,21,BMW,Teacher,Thriller
Myles,Vakhlov,mvakhlovn9@github.io,Male,35,Opel,Engineer II,Romance
Kitty,Hill,khillna@archive.org,Female,71,Fiat,Registered Nurse,Drama
Nikola,Yushmanov,nyushmanovnb@dailymotion.com,Male,21,Mazda,VP Quality Control,Action
Allegra,Cunnell,acunnellnc@umn.edu,Female,39,BMW,Marketing Assistant,Thriller
Thacher,Matignon,tmatignonnd@salon.com,Male,50,Opel,Food Chemist,Romance
Modesta,Halladay,mhalladayne@webs.com,Female,26,Dacia,Geologist I,Action
Morgen,Soldner,msoldnernf@oaic.gov.au,Female,25,BMW,Human Resources Assistant III,Action
Tania,Abeles,tabelesng@delicious.com,Bigender,59,Renault,General Manager,Comedy
Georgianna,Laurenty,glaurentynh@microsoft.com,Female,38,Ford,Environmental Specialist,Horror
Orbadiah,Legon,olegonni@ucoz.ru,Male,58,Opel,Sales Representative,Romance
Ambrosi,Coraini,acoraininj@reuters.com,Male,40,Opel,Operator,Thriller
Melly,Gerriets,mgerrietsnk@ameblo.jp,Female,45,Fiat,Marketing Assistant,Drama
Stephie,Eady,seadynl@flavors.me,Female,65,Renault,Assistant Professor,Romance
Annetta,Siggens,asiggensnm@china.com.cn,Female,20,Mazda,Director of Sales,Drama
Tedmund,Jemison,tjemisonnn@indiegogo.com,Male,68,Mazda,Statistician II,Horror
Cassie,Stanbury,cstanburyno@bloglines.com,Female,50,Opel,Human Resources Assistant II,Romance
Bunny,Wolfarth,bwolfarthnp@oakley.com,Female,72,Ford,Human Resources Manager,Romance
Gene,Keyser,gkeysernq@jiathis.com,Female,44,Dacia,Senior Developer,Comedy
Eldin,Roobottom,eroobottomnr@tiny.cc,Agender,31,Ford,Account Coordinator,Drama
Chloris,Kirsche,ckirschens@yellowpages.com,Female,77,Dacia,Analog Circuit Design manager,Romance
Lise,Bownes,lbownesnt@unesco.org,Female,54,Fiat,Geological Engineer,Thriller
Hendrick,Gilchriest,hgilchriestnu@bbb.org,Genderfluid,38,Mazda,Financial Advisor,Romance
Chelsea,Parkhouse,cparkhousenv@google.co.jp,Female,48,Dacia,Food Chemist,Drama
Taddeo,Anglish,tanglishnw@yelp.com,Male,40,Opel,Systems Administrator I,Horror
Dene,Arntzen,darntzennx@cmu.edu,Male,53,Ford,Assistant Media Planner,Comedy
Claribel,Beceril,cbecerilny@ifeng.com,Female,39,Fiat,Occupational Therapist,Horror
Kellen,Dudbridge,kdudbridgenz@goo.ne.jp,Male,26,Opel,Internal Auditor,Comedy
Clarke,Rittmeyer,crittmeyero0@mail.ru,Male,58,Fiat,Tax Accountant,Romance
Theodore,Overal,toveralo1@webs.com,Non-binary,61,Dacia,Senior Cost Accountant,Drama
Minor,Whittek,mwhitteko2@state.tx.us,Male,64,Fiat,Staff Scientist,Thriller
Scott,Stitfall,sstitfallo3@icq.com,Male,38,Ford,Financial Analyst,Horror
King,Machel,kmachelo4@loc.gov,Male,74,BMW,Administrative Assistant I,Drama
Shandie,Clingoe,sclingoeo5@technorati.com,Female,46,Renault,Nuclear Power Engineer,Comedy
Mack,Lancashire,mlancashireo6@surveymonkey.com,Male,51,Ford,Financial Analyst,Romance
Humbert,Durban,hdurbano7@bigcartel.com,Male,22,BMW,Sales Associate,Action
Hermie,Yitzovitz,hyitzovitzo8@quantcast.com,Male,57,Opel,Financial Advisor,Romance
Broddie,Kohrt,bkohrto9@bloglines.com,Male,54,Renault,Payment Adjustment Coordinator,Thriller
Gussy,Paur,gpauroa@weibo.com,Female,35,Opel,Human Resources Manager,Thriller
Feodor,Cassell,fcassellob@merriam-webster.com,Male,48,Opel,Senior Financial Analyst,Romance
Artie,Rentoll,arentolloc@auda.org.au,Male,51,Fiat,Office Assistant II,Horror
Mic,Dransfield,mdransfieldod@wunderground.com,Male,75,Fiat,Environmental Specialist,Drama
Garner,Plumm,gplummoe@bandcamp.com,Male,39,Renault,Administrative Assistant II,Thriller
Sayers,Jackways,sjackwaysof@spotify.com,Male,36,Mazda,Senior Quality Engineer,Horror
Jere,Wallington,jwallingtonog@csmonitor.com,Male,56,Renault,Community Outreach Specialist,Comedy
Concettina,Bridal,cbridaloh@mapy.cz,Female,22,BMW,Graphic Designer,Action
Salvatore,Caret,scaretoi@kickstarter.com,Male,36,BMW,Accountant I,Action
Jeth,Gladbeck,jgladbeckoj@mapy.cz,Male,77,Fiat,Assistant Manager,Romance
Corissa,Woodcock,cwoodcockok@1688.com,Female,41,Dacia,Geological Engineer,Horror
Paddie,Hiddersley,phiddersleyol@sitemeter.com,Male,62,BMW,Sales Associate,Thriller
Horatio,Betjeman,hbetjemanom@noaa.gov,Male,65,Ford,Payment Adjustment Coordinator,Romance
Yolanthe,Spikins,yspikinson@people.com.cn,Female,67,Ford,Assistant Media Planner,Horror
Sloan,Otton,sottonoo@vk.com,Male,53,Mazda,Senior Editor,Romance
Hirsch,Holbury,hholburyop@tumblr.com,Male,24,Opel,Account Representative IV,Action
Linus,Gelling,lgellingoq@narod.ru,Bigender,21,BMW,Staff Scientist,Romance
Vera,Getten,vgettenor@gov.uk,Female,31,Renault,Director of Sales,Horror
Shep,Kippie,skippieos@google.nl,Non-binary,29,Fiat,Paralegal,Thriller
Andrew,Vannikov,avannikovot@imdb.com,Male,23,Fiat,Internal Auditor,Romance
Lorne,Micallef,lmicallefou@umn.edu,Male,31,Dacia,Nurse,Romance
Jeni,McIlroy,jmcilroyov@cocolog-nifty.com,Agender,54,Mazda,Technical Writer,Thriller
Salomi,Iacapucci,siacapucciow@ezinearticles.com,Polygender,74,BMW,Computer Systems Analyst II,Drama
Arielle,Leist,aleistox@state.tx.us,Female,70,Fiat,Chief Design Engineer,Horror
Pru,Flaws,pflawsoy@linkedin.com,Female,78,BMW,Director of Sales,Comedy
Adelice,Cownden,acowndenoz@amazon.co.jp,Female,75,Fiat,Administrative Officer,Action
Joey,Hamerton,jhamertonp0@si.edu,Female,72,Fiat,Electrical Engineer,Action
Arch,Schrei,aschreip1@sourceforge.net,Male,21,Opel,Recruiting Manager,Drama
Mickie,Okenden,mokendenp2@vimeo.com,Male,79,Opel,Junior Executive,Thriller
Jammal,Dizlie,jdizliep3@a8.net,Male,66,Ford,Health Coach I,Action
Bill,Willoughley,bwilloughleyp4@seesaa.net,Polygender,78,Opel,Help Desk Operator,Romance
Harwell,Fuchs,hfuchsp5@samsung.com,Male,44,Opel,Staff Scientist,Drama
Jaye,Louw,jlouwp6@economist.com,Male,26,Mazda,Operator,Action
Piper,Menendes,pmenendesp7@washington.edu,Female,54,Ford,Senior Editor,Horror
Eli,Lunnon,elunnonp8@digg.com,Male,20,Opel,Librarian,Romance
Daveen,Peart,dpeartp9@eventbrite.com,Female,56,Opel,Web Developer I,Action
Tabor,Jacke,tjackepa@pinterest.com,Male,60,Renault,Geological Engineer,Action
Stanton,Chatters,schatterspb@msn.com,Male,79,Mazda,Database Administrator II,Action
Lyle,Romaint,lromaintpc@hexun.com,Male,40,BMW,Registered Nurse,Action
Karilynn,Isakowicz,kisakowiczpd@ycombinator.com,Female,46,Opel,Staff Scientist,Romance
Lolita,Mughal,lmughalpe@tumblr.com,Female,60,Fiat,Systems Administrator IV,Comedy
Irina,Comazzo,icomazzopf@fotki.com,Agender,40,Mazda,Structural Engineer,Romance
Noah,Mulvany,nmulvanypg@feedburner.com,Male,38,Fiat,Junior Executive,Comedy
Zeke,Hellwig,zhellwigph@oaic.gov.au,Male,74,BMW,Analog Circuit Design manager,Action
Tedman,Harbor,tharborpi@cpanel.net,Male,32,Renault,Dental Hygienist,Comedy
Kimberlyn,By,kbypj@joomla.org,Female,35,Dacia,Senior Financial Analyst,Comedy
Ketti,Ivanin,kivaninpk@youtube.com,Female,28,Ford,Teacher,Comedy
Isidora,Creavin,icreavinpl@nsw.gov.au,Female,30,Dacia,Cost Accountant,Romance
Julissa,Brixham,jbrixhampm@nbcnews.com,Female,52,Dacia,Software Engineer III,Action
Esteban,Asif,easifpn@de.vu,Male,42,Dacia,Statistician I,Comedy
Pammi,Folder,pfolderpo@blogger.com,Female,46,Renault,Registered Nurse,Romance
Curr,Harborow,charborowpp@e-recht24.de,Male,73,BMW,Office Assistant IV,Horror
Winny,Drewes,wdrewespq@samsung.com,Female,27,Mazda,Software Engineer III,Comedy
Yehudit,Phillps,yphillpspr@webeden.co.uk,Male,58,Ford,Recruiting Manager,Comedy
Mable,Surcombe,msurcombeps@cnet.com,Female,54,Opel,Senior Quality Engineer,Action
Shawna,Linkin,slinkinpt@arizona.edu,Female,78,Fiat,Assistant Media Planner,Horror
Colas,Powdrill,cpowdrillpu@meetup.com,Male,37,BMW,Product Engineer,Drama
Kenn,Grinham,kgrinhampv@cdc.gov,Male,70,Fiat,Quality Control Specialist,Action
Auroora,Christy,achristypw@forbes.com,Female,72,Renault,Structural Engineer,Thriller
Irvin,Poveleye,ipoveleyepx@state.tx.us,Male,34,Fiat,Structural Analysis Engineer,Drama
Sindee,Londesborough,slondesboroughpy@usatoday.com,Female,78,Opel,Administrative Assistant IV,Comedy
Theresita,Bamb,tbambpz@multiply.com,Female,37,Opel,Electrical Engineer,Horror
Boonie,Sommerfeld,bsommerfeldq0@booking.com,Male,30,BMW,Help Desk Operator,Comedy
Gregoire,Adin,gadinq1@woothemes.com,Male,49,BMW,Executive Secretary,Drama
Colly,Watkiss,cwatkissq2@netscape.com,Female,64,Opel,Project Manager,Horror
Loutitia,Phillippo,lphillippoq3@spiegel.de,Female,52,Renault,Senior Financial Analyst,Comedy
Hayden,Davenport,hdavenportq4@alexa.com,Male,29,Fiat,Quality Control Specialist,Romance
Helsa,Adran,hadranq5@nasa.gov,Female,75,Mazda,Pharmacist,Comedy
Filide,Risborough,frisboroughq6@state.tx.us,Female,48,BMW,VP Product Management,Drama
Ario,Westgate,awestgateq7@chronoengine.com,Male,63,Dacia,Engineer III,Action
Wallie,Roycroft,wroycroftq8@netscape.com,Male,66,Fiat,Geological Engineer,Romance
Em,Rosser,erosserq9@china.com.cn,Female,59,BMW,Operator,Action
Malory,Rimington,mrimingtonqa@trellian.com,Agender,64,Fiat,Sales Associate,Horror
Jasun,Dudley,jdudleyqb@salon.com,Male,38,Ford,Statistician I,Horror
Cody,Cay,ccayqc@dot.gov,Bigender,58,Fiat,Physical Therapy Assistant,Action
Haskell,Seamans,hseamansqd@admin.ch,Male,60,Fiat,Occupational Therapist,Comedy
Kurtis,Bolland,kbollandqe@phpbb.com,Male,42,Mazda,VP Marketing,Horror
Marnie,Jako,mjakoqf@eepurl.com,Genderfluid,65,Mazda,Tax Accountant,Thriller
Nanette,Chauvey,nchauveyqg@weibo.com,Female,35,Ford,Nurse,Drama
Tommy,Bunnell,tbunnellqh@stanford.edu,Male,27,Opel,General Manager,Action
Hugues,Royan,hroyanqi@irs.gov,Male,29,Mazda,Senior Cost Accountant,Drama
Paddy,Zealey,pzealeyqj@nbcnews.com,Male,33,Ford,Mechanical Systems Engineer,Thriller
Rafferty,Cicchitello,rcicchitelloqk@berkeley.edu,Male,25,Fiat,Design Engineer,Romance
Nickolaus,Finden,nfindenql@github.io,Non-binary,49,Fiat,Teacher,Romance
Rupert,Pettingall,rpettingallqm@lulu.com,Male,31,BMW,Automation Specialist III,Drama
Jimmie,Fant,jfantqn@hugedomains.com,Male,27,Fiat,Programmer III,Drama
Josi,Prothero,jprotheroqo@tumblr.com,Female,49,BMW,Software Test Engineer II,Romance
Benito,Prickett,bprickettqp@mapquest.com,Male,33,BMW,Budget/Accounting Analyst III,Horror
Amity,McPeeters,amcpeetersqq@hostgator.com,Female,23,Renault,Programmer Analyst III,Action
Galen,Bidgod,gbidgodqr@linkedin.com,Male,21,BMW,Electrical Engineer,Comedy
Gwendolin,Rodliff,grodliffqs@google.nl,Female,71,Mazda,Payment Adjustment Coordinator,Drama
Vitia,Doppler,vdopplerqt@nymag.com,Female,53,Fiat,Environmental Specialist,Drama
Bekki,Marquis,bmarquisqu@home.pl,Female,67,Renault,Structural Engineer,Drama
Eimile,Dohrmann,edohrmannqv@over-blog.com,Female,60,Dacia,Software Test Engineer I,Romance
Tan,Rigby,trigbyqw@bbc.co.uk,Male,28,Mazda,Biostatistician I,Romance
Cathe,Ellse,cellseqx@blogger.com,Female,70,Opel,Biostatistician IV,Action
Vivianna,Kollas,vkollasqy@cdbaby.com,Female,42,Dacia,Internal Auditor,Romance
Joelly,Malek,jmalekqz@newsvine.com,Female,51,Renault,Office Assistant II,Comedy
Sheff,Hazeldean,shazeldeanr0@google.ca,Male,53,Fiat,Technical Writer,Action
Piper,Tune,ptuner1@foxnews.com,Bigender,46,Fiat,Budget/Accounting Analyst I,Thriller
Darb,Martinon,dmartinonr2@nbcnews.com,Female,68,Mazda,Senior Cost Accountant,Action
Svend,Brech,sbrechr3@studiopress.com,Male,54,Ford,Food Chemist,Comedy
Abigael,Amber,aamberr4@google.co.uk,Female,66,Opel,Nurse,Horror
Audrie,Imlock,aimlockr5@simplemachines.org,Female,62,Fiat,Health Coach IV,Thriller
Marlane,Blood,mbloodr6@ebay.com,Female,62,Fiat,Statistician II,Drama
Obed,Lorenc,olorencr7@fc2.com,Male,63,Mazda,Senior Developer,Thriller
Stacee,Cuell,scuellr8@godaddy.com,Female,32,Mazda,Senior Developer,Comedy
Cissy,Mardle,cmardler9@noaa.gov,Non-binary,69,Renault,Data Coordinator,Romance
Benito,Woodall,bwoodallra@wp.com,Male,36,Ford,Quality Control Specialist,Horror
Joyous,Cleveland,jclevelandrb@lycos.com,Female,73,Dacia,Paralegal,Comedy
Merl,Donoghue,mdonoghuerc@xrea.com,Bigender,79,Fiat,Dental Hygienist,Horror
Jimmy,Danett,jdanettrd@dagondesign.com,Male,44,Dacia,Analyst Programmer,Drama
Evita,Bellwood,ebellwoodre@domainmarket.com,Female,46,Ford,Systems Administrator III,Drama
Guillaume,Dutson,gdutsonrf@sourceforge.net,Male,23,Dacia,Software Consultant,Comedy
Melba,O'Lunny,molunnyrg@ucoz.ru,Genderfluid,46,Dacia,Senior Cost Accountant,Thriller
Jeremiah,Drinan,jdrinanrh@gizmodo.com,Male,64,Fiat,Electrical Engineer,Thriller
Kathlin,Yakovitch,kyakovitchri@china.com.cn,Female,42,Fiat,Structural Analysis Engineer,Thriller
Waverley,Sesons,wsesonsrj@odnoklassniki.ru,Male,46,Mazda,Systems Administrator II,Drama
Basilio,Pankettman,bpankettmanrk@wikimedia.org,Male,72,Dacia,Chief Design Engineer,Horror
Whitman,Russi,wrussirl@army.mil,Male,55,Mazda,Research Associate,Comedy
Mirelle,Klyn,mklynrm@foxnews.com,Female,53,Opel,Teacher,Romance
Jodi,Algate,jalgatern@squarespace.com,Female,45,Fiat,VP Quality Control,Drama
Burty,Gooder,bgooderro@pagesperso-orange.fr,Male,65,Opel,Software Test Engineer II,Romance
Alaster,M'Quharg,amquhargrp@tinyurl.com,Male,72,Renault,Biostatistician II,Romance
Clemmie,Skayman,cskaymanrq@state.gov,Male,53,Mazda,Paralegal,Comedy
Lexi,Craze,lcrazerr@who.int,Female,22,Fiat,Web Developer II,Comedy
