id,first name,last name,Date of birth,email,IP Addres,Name of company,Company networth,File development,Master degree
1,Mickie,Maddrell,05-09-1985,mmaddrell0@weather.com,142.120.91.47,Fintone,29932PLN,CommodoPlacerat.xls,1
2,Wallache,Egger,21-06-1993,wegger1@netvibes.com,17.81.131.243,Bamity,47247PLN,Pede.xls,0
3,Micheal,Dispencer,16-10-1986,mdispencer2@amazon.de,163.166.5.173,Y-Solowarm,42077PLN,IaculisJustoIn.jpeg,1
4,Trudi,Dilworth,27-02-1980,tdilworth3@aol.com,63.54.78.75,Vagram,47095PLN,Massa.xls,1
5,Trixie,Baughen,31-10-1981,tbaughen4@ustream.tv,250.115.153.74,Keylex,48950PLN,LoremIpsum.ppt,0
6,Candis,Woodroffe,12-04-1996,cwoodroffe5@jiathis.com,163.146.178.250,Viva,22475PLN,DolorSitAmet.avi,0
7,Townie,Inskipp,22-04-1998,tinskipp6@salon.com,35.197.183.73,Cardguard,21734PLN,DonecDapibusDuis.xls,0
8,Emelda,MacMurray,01-10-1996,emacmurray7@umich.edu,160.245.45.212,Tempsoft,16808PLN,CubiliaCuraeDuis.xls,0
9,Ayn,Umney,18-05-1991,aumney8@nymag.com,209.56.202.203,Konklab,35262PLN,DisParturientMontes.avi,0
10,Margalo,Koop,24-10-1986,mkoop9@mapquest.com,6.254.121.50,Span,27849PLN,Consequat.doc,1
11,Robbert,Castagno,17-09-1986,rcastagnoa@cisco.com,249.72.90.109,Keylex,34953PLN,HendreritAt.txt,1
12,Dominik,Matyugin,31-10-1980,dmatyuginb@cnet.com,199.223.83.69,Bamity,44797PLN,VelAugue.tiff,0
13,Henrie,Symcock,09-03-1981,hsymcockc@examiner.com,78.167.253.75,Opela,49424PLN,EgetVulputateUt.mpeg,0
14,Trudi,Veighey,25-11-1997,tveigheyd@skype.com,12.111.220.234,Tempsoft,24881PLN,VestibulumAnteIpsum.avi,1
15,Keenan,Slad,27-01-1989,kslade@ameblo.jp,245.32.133.144,Cardify,33625PLN,FelisSed.pdf,0
16,Alejoa,Dykins,07-10-1993,adykinsf@hostgator.com,122.50.35.89,Tin,30950PLN,LiberoRutrum.mp3,0
17,Talia,Stollenberg,22-03-1993,tstollenbergg@dmoz.org,219.2.202.220,Keylex,25570PLN,CongueVivamusMetus.mov,0
18,Krista,Mostin,20-06-1983,kmostinh@last.fm,100.157.134.2,Latlux,18497PLN,DolorVelEst.ppt,1
19,Gideon,Lamswood,20-08-1993,glamswoodi@unesco.org,53.114.143.150,Tresom,24012PLN,Aliquam.ppt,0
20,Sheffy,Sinkinson,14-06-1983,ssinkinsonj@wiley.com,42.213.12.62,Fintone,8601PLN,RutrumRutrumNeque.xls,0
21,Babs,MacIan,25-05-1985,bmaciank@chicagotribune.com,87.108.246.92,Cookley,33593PLN,Amet.mp3,1
22,Angus,Withnall,09-06-1998,awithnalll@patch.com,227.151.101.14,Lotlux,8097PLN,PellentesqueViverraPede.mp3,0
23,Weston,Allchorne,27-10-1983,wallchornem@digg.com,124.150.20.178,Veribet,27896PLN,Ultrices.pdf,1
24,Perceval,Sedgefield,30-05-1986,psedgefieldn@sbwire.com,187.153.217.160,Fix San,41844PLN,DuiVel.xls,1
25,Kristos,Passey,05-11-1984,kpasseyo@last.fm,215.179.236.3,Alphazap,39831PLN,QuisLectus.ppt,1
26,Lissy,Denekamp,11-06-1987,ldenekampp@4shared.com,97.86.166.139,Zoolab,44060PLN,Est.mov,1
27,Isadora,Delve,18-01-1993,idelveq@mysql.com,186.40.69.60,Sub-Ex,30109PLN,Integer.mp3,0
28,Zach,Divill,24-05-1993,zdivillr@studiopress.com,24.39.149.29,Greenlam,37377PLN,BibendumImperdietNullam.xls,1
29,Dulsea,Deakins,18-01-1995,ddeakinss@woothemes.com,154.115.185.145,Rank,33958PLN,Massa.ppt,1
30,Laura,Mc Grath,16-07-1990,lmcgratht@list-manage.com,240.32.167.63,Fintone,6157PLN,PurusPhasellusIn.png,0
31,Tiffany,Bianco,09-11-1995,tbiancou@facebook.com,115.183.16.21,Bigtax,33601PLN,AmetSemFusce.mp3,1
32,Jose,Zanitti,15-06-1990,jzanittiv@admin.ch,158.234.167.103,Duobam,20776PLN,VulputateNonummyMaecenas.gif,1
33,Casey,Tittershill,23-08-1992,ctittershillw@bloglovin.com,121.147.195.177,Tres-Zap,22709PLN,EnimInTempor.ppt,0
34,Joellyn,Mushet,12-10-1997,jmushetx@elpais.com,192.65.142.108,Latlux,15407PLN,PortaVolutpatErat.png,1
35,Raddy,Snaden,01-01-1991,rsnadeny@wix.com,145.132.130.150,Veribet,11393PLN,InLectus.mp3,0
36,Hortense,Grayling,28-12-1981,hgraylingz@tinyurl.com,235.95.245.88,Hatity,39682PLN,TellusNisiEu.pdf,1
37,Nichols,Chotty,14-02-1989,nchotty10@utexas.edu,190.183.150.151,Regrant,23475PLN,Nibh.xls,0
38,Melisande,Bortolomei,12-01-1980,mbortolomei11@nhs.uk,245.160.229.211,Treeflex,42836PLN,ElementumIn.avi,1
39,Rafaela,Bindon,03-07-1984,rbindon12@pagesperso-orange.fr,21.23.194.132,Stim,32578PLN,RhoncusSedVestibulum.ppt,1
40,Alexei,Ruddlesden,10-12-1982,aruddlesden13@linkedin.com,161.144.32.210,Greenlam,32936PLN,Sed.mp3,1
41,Greggory,Wyson,23-12-1999,gwyson14@imgur.com,94.18.66.169,Sub-Ex,33284PLN,EnimLeoRhoncus.ppt,1
42,Nanon,Phizackarley,10-03-1993,nphizackarley15@google.pl,164.34.90.11,Temp,40196PLN,CrasNon.ppt,0
43,Karil,Livezley,20-07-1988,klivezley16@redcross.org,201.103.236.124,Bitchip,7668PLN,Sociis.txt,1
44,Vita,Alforde,29-03-1998,valforde17@ca.gov,232.112.227.221,Konklux,14948PLN,Dapibus.jpeg,1
45,Ertha,Struis,08-12-1980,estruis18@intel.com,211.173.45.99,Y-Solowarm,40974PLN,Integer.jpeg,0
46,Ethe,Espinal,07-02-1989,eespinal19@who.int,204.255.170.163,Biodex,44183PLN,LacusCurabitur.mp3,1
47,Miquela,Gauge,13-01-1985,mgauge1a@com.com,147.97.78.46,Duobam,9505PLN,EgetTempus.mp3,1
48,Wilbur,O'Regan,12-05-1984,woregan1b@alexa.com,212.176.230.78,Trippledex,49877PLN,AugueVestibulum.avi,1
49,Ira,Liddel,19-09-1988,iliddel1c@lulu.com,130.234.184.138,Voltsillam,19708PLN,Etiam.xls,0
50,Alon,Habbin,01-12-1981,ahabbin1d@seesaa.net,207.121.145.74,Treeflex,48742PLN,Ipsum.ppt,1
51,Gareth,Damp,21-05-1994,gdamp1e@reverbnation.com,18.110.234.100,Trippledex,6997PLN,MetusArcuAdipiscing.xls,1
52,Albertina,Bartrop,19-01-1988,abartrop1f@skype.com,181.255.66.95,Voyatouch,24780PLN,Quam.jpeg,1
53,Davin,Elflain,14-07-1993,delflain1g@marriott.com,209.57.167.215,Holdlamis,17401PLN,Feugiat.mp3,0
54,Mitchell,Hanse,03-07-1990,mhanse1h@google.fr,95.220.218.53,Job,12543PLN,PellentesqueUltricesPhasellus.jpeg,0
55,Reamonn,Ottosen,19-09-1980,rottosen1i@salon.com,121.135.167.158,Bitwolf,43628PLN,HacHabitassePlatea.mp3,1
56,Joelynn,Erett,27-12-1992,jerett1j@1688.com,200.154.94.9,Holdlamis,29485PLN,AcLeo.ppt,0
57,Karrah,Curnnok,18-04-1989,kcurnnok1k@sciencedaily.com,196.1.181.4,Ventosanzap,33182PLN,HabitassePlateaDictumst.jpeg,0
58,Adda,Robberts,06-05-1987,arobberts1l@ebay.com,180.3.221.40,Domainer,21772PLN,PosuereCubilia.xls,0
59,Teddy,Pflieger,24-07-1987,tpflieger1m@sourceforge.net,27.177.193.241,Domainer,12056PLN,UtMauris.jpeg,0
60,Korella,Grimsditch,06-05-1996,kgrimsditch1n@seesaa.net,129.11.138.181,Redhold,34380PLN,PlaceratPraesent.ppt,0
61,Kellia,Benzing,15-12-1997,kbenzing1o@go.com,136.144.66.195,Kanlam,26034PLN,AOdioIn.jpeg,0
62,Hart,Attenbrough,16-08-1993,hattenbrough1p@weibo.com,180.81.66.201,Pannier,13144PLN,Sem.jpeg,1
63,Ignatius,Andryszczak,17-08-1995,iandryszczak1q@uiuc.edu,80.160.44.136,Konklux,49108PLN,Quis.xls,1
64,Xylia,Fathers,31-08-1983,xfathers1r@sakura.ne.jp,233.66.197.244,Asoka,17271PLN,QuisqueArcu.xls,0
65,Elva,Craigmile,12-08-1995,ecraigmile1s@dropbox.com,11.113.254.35,Bytecard,10336PLN,SapienUtNunc.jpeg,1
66,Sherman,Gallelli,30-11-1991,sgallelli1t@ox.ac.uk,239.157.160.132,Rank,40328PLN,Nisl.mov,1
67,Dasya,Sowte,05-07-1987,dsowte1u@spiegel.de,230.82.22.0,Zaam-Dox,25269PLN,CondimentumCurabiturIn.mpeg,1
68,Obed,Barcroft,08-05-1992,obarcroft1v@boston.com,88.176.21.124,Job,19474PLN,Dui.png,1
69,Ambros,Fabry,26-05-1982,afabry1w@unc.edu,1.113.57.239,Redhold,17690PLN,In.tiff,0
70,Candice,Layland,30-01-1982,clayland1x@berkeley.edu,77.75.93.219,Home Ing,19139PLN,QuamFringillaRhoncus.tiff,0
71,Magnum,Stockoe,23-01-1994,mstockoe1y@addthis.com,213.80.193.248,Asoka,49181PLN,AccumsanTortorQuis.jpeg,0
72,Thadeus,Shalloo,04-08-1987,tshalloo1z@bloglovin.com,166.185.100.175,Konklab,33596PLN,Penatibus.mp3,1
73,Stewart,Kleis,01-12-1987,skleis20@census.gov,131.39.44.12,Lotlux,27631PLN,JustoSitAmet.xls,1
74,Dorothea,Poland,26-02-1980,dpoland21@uol.com.br,99.178.3.109,Matsoft,44365PLN,Elementum.ppt,1
75,Brunhilde,Eggleson,31-12-1985,beggleson22@wisc.edu,4.53.150.162,Daltfresh,16753PLN,Dapibus.jpeg,0
76,Cleavland,Sackur,11-03-1994,csackur23@canalblog.com,12.180.0.109,Y-find,7646PLN,PellentesqueEget.mp3,1
77,Bryn,Jirieck,17-02-1988,bjirieck24@dailymail.co.uk,254.54.58.182,Domainer,20587PLN,LeoOdio.txt,1
78,Colene,Emanueli,11-02-1980,cemanueli25@tripod.com,110.49.83.150,Tin,43387PLN,PellentesqueEget.ppt,1
79,Maxim,Brauns,07-12-1987,mbrauns26@domainmarket.com,182.42.135.54,Ronstring,12214PLN,In.xls,0
80,Wolf,Stroobant,12-09-1998,wstroobant27@vistaprint.com,129.10.142.79,Matsoft,20137PLN,QuisqueArcu.mp3,1
81,Vikki,Kerley,11-02-1981,vkerley28@ihg.com,160.162.25.6,Solarbreeze,12334PLN,Praesent.mp3,1
82,Katti,Sonnenschein,20-10-1982,ksonnenschein29@booking.com,211.179.192.188,Opela,15649PLN,EgetTempusVel.doc,1
83,Dulcie,Chilcott,16-05-1988,dchilcott2a@goo.gl,118.94.107.94,Zontrax,49539PLN,AtVulputate.avi,1
84,Gilbert,Hanbridge,27-05-1993,ghanbridge2b@chicagotribune.com,157.32.206.46,Voltsillam,18887PLN,Lacinia.mov,1
85,Shayla,Glanister,04-10-1988,sglanister2c@biblegateway.com,207.81.163.146,Sub-Ex,15733PLN,AcLeo.mov,1
86,Bernie,Giacoppo,21-02-1986,bgiacoppo2d@state.gov,144.147.214.183,Veribet,42935PLN,CubiliaCurae.avi,0
87,Roldan,Eicke,30-05-1983,reicke2e@mashable.com,76.173.46.178,Rank,14200PLN,Donec.xls,1
88,Esther,Chevolleau,09-10-1996,echevolleau2f@spiegel.de,184.235.26.188,Fixflex,18658PLN,UtDolorMorbi.mov,1
89,Clair,Loche,24-01-1998,cloche2g@craigslist.org,24.246.0.170,Fix San,22205PLN,Non.mov,0
90,Rois,Norvill,27-08-1984,rnorvill2h@smh.com.au,118.198.147.23,Treeflex,47260PLN,Maecenas.xls,0
91,Lou,Cosstick,08-11-1987,lcosstick2i@utexas.edu,51.23.30.161,Domainer,37370PLN,Ultrices.mov,0
92,Terri,Cassidy,21-09-1981,tcassidy2j@house.gov,69.3.45.133,Tres-Zap,16980PLN,TellusNullaUt.avi,0
93,Madelaine,Ganter,12-10-1998,mganter2k@macromedia.com,240.32.183.244,Tempsoft,13412PLN,Porttitor.xls,0
94,Benedetto,Swiffen,23-01-1980,bswiffen2l@walmart.com,17.140.63.27,Stringtough,13721PLN,Fringilla.ppt,1
95,Cathi,Spong,12-07-1982,cspong2m@mashable.com,238.67.163.0,Tempsoft,27923PLN,NequeVestibulumEget.mp3,0
96,Cara,Sisson,14-11-1997,csisson2n@trellian.com,190.151.183.156,Gembucket,13683PLN,BibendumImperdiet.doc,0
97,Ina,Bau,19-05-1985,ibau2o@cnet.com,153.55.128.17,Zoolab,38068PLN,DapibusAt.avi,0
98,Harmony,Darrigrand,11-04-1995,hdarrigrand2p@vinaora.com,12.225.17.0,Greenlam,11705PLN,DiamIn.avi,1
99,Joletta,Lebel,17-04-1997,jlebel2q@etsy.com,103.14.103.178,Hatity,8931PLN,MusVivamus.jpeg,1
100,Rouvin,Havoc,26-08-1986,rhavoc2r@dot.gov,193.38.66.63,Zaam-Dox,24127PLN,SapienCum.gif,0
101,Blake,Croisdall,15-01-1989,bcroisdall2s@wiley.com,235.209.213.152,Asoka,10390PLN,InConsequat.gif,0
102,Fransisco,Ketch,16-02-1984,fketch2t@pbs.org,110.210.197.112,Flowdesk,24621PLN,SollicitudinVitaeConsectetuer.mp3,0
103,Koressa,Leneham,31-12-1986,kleneham2u@rambler.ru,104.7.197.255,Regrant,43246PLN,DictumstEtiam.xls,0
104,Lynnette,Moncaster,06-10-1993,lmoncaster2v@people.com.cn,169.236.100.192,Home Ing,7219PLN,InterdumInAnte.png,1
105,Frants,MacAscaidh,01-03-1991,fmacascaidh2w@smh.com.au,125.138.156.233,Konklux,7317PLN,Adipiscing.ppt,1
106,Randell,Langlands,28-08-1985,rlanglands2x@themeforest.net,139.191.41.32,Ronstring,31031PLN,TurpisAdipiscingLorem.avi,1
107,Averyl,Tregoning,22-04-1982,atregoning2y@xing.com,245.218.117.239,Namfix,41094PLN,EuMiNulla.png,1
108,Reggie,Vennart,23-12-1991,rvennart2z@taobao.com,108.158.109.189,Fix San,49518PLN,JustoSitAmet.gif,0
109,Kinny,Screeton,01-03-1982,kscreeton30@naver.com,192.64.45.132,Ventosanzap,25549PLN,EtTempusSemper.ppt,0
110,Adi,Rickardsson,18-10-1995,arickardsson31@digg.com,4.148.168.64,Redhold,13938PLN,VestibulumSitAmet.mov,1
111,Hughie,Sindle,20-09-1983,hsindle32@patch.com,159.158.223.181,Flexidy,47569PLN,RidiculusMusEtiam.mpeg,0
112,Cassandra,Wedmore.,21-03-1990,cwedmore33@mozilla.org,199.42.54.221,Zoolab,31498PLN,LigulaSuspendisse.doc,1
113,Tiebold,Duiguid,13-02-1985,tduiguid34@xrea.com,249.152.111.248,Sub-Ex,8616PLN,Nulla.avi,0
114,Laraine,Freestone,09-11-1988,lfreestone35@ihg.com,242.91.152.59,Matsoft,38420PLN,Magna.tiff,1
115,Jenny,Breslane,23-03-1982,jbreslane36@g.co,107.104.189.97,Alphazap,44251PLN,EgetSemperRutrum.pdf,1
116,Elisabet,Runchman,05-01-1989,erunchman37@java.com,47.88.161.166,Zathin,33956PLN,Vivamus.mpeg,0
117,Glad,Gorey,28-03-1989,ggorey38@baidu.com,83.192.88.110,Daltfresh,29579PLN,EnimIn.mp3,1
118,Lonee,Botterman,12-12-1982,lbotterman39@google.cn,171.91.187.123,Rank,39031PLN,LuctusTincidunt.txt,1
119,Coralyn,Gawith,28-10-1995,cgawith3a@imdb.com,184.171.20.155,Otcom,43343PLN,Vivamus.mp3,1
120,Karlen,Adran,10-04-1985,kadran3b@t.co,91.100.97.81,Temp,24556PLN,NullaNeque.mp3,0
121,Barde,Conrath,19-09-1998,bconrath3c@who.int,210.18.93.232,Holdlamis,20906PLN,VitaeQuamSuspendisse.jpeg,0
122,Madelene,Biasioli,27-05-1995,mbiasioli3d@reverbnation.com,47.27.221.191,Tempsoft,23033PLN,LacusMorbiSem.tiff,0
123,Rodrigo,Capstack,02-03-1990,rcapstack3e@discuz.net,246.246.60.127,Otcom,33252PLN,PrimisInFaucibus.avi,1
124,Kile,Chesterton,30-04-1983,kchesterton3f@unesco.org,150.126.42.27,Biodex,13846PLN,NamNulla.xls,1
125,Daphna,Jaqueminet,07-05-1988,djaqueminet3g@shinystat.com,214.103.126.49,Biodex,36727PLN,ViverraDiam.xls,0
126,Lishe,Fasham,15-07-1980,lfasham3h@phpbb.com,0.3.212.185,Biodex,32125PLN,FaucibusOrciLuctus.xls,0
127,Brit,Nuth,01-11-1991,bnuth3i@etsy.com,24.179.130.86,Tampflex,8506PLN,EtiamPretiumIaculis.avi,1
128,Shaw,McAllister,22-07-1991,smcallister3j@mac.com,187.101.154.7,Stronghold,28716PLN,Ante.ppt,0
129,Ezechiel,Campa,23-08-1988,ecampa3k@imgur.com,118.122.188.115,Cardguard,8219PLN,In.pdf,1
130,Chico,MacNeil,23-05-1993,cmacneil3l@google.ca,79.143.61.97,Quo Lux,30699PLN,NuncPurus.ppt,1
131,Wainwright,Wormald,03-11-1991,wwormald3m@chicagotribune.com,252.73.77.136,Keylex,18761PLN,HacHabitassePlatea.tiff,0
132,Kendre,Mill,23-04-1997,kmill3n@census.gov,101.80.240.196,Job,5658PLN,EstEtTempus.jpeg,1
133,Sibby,Tarrant,11-12-1985,starrant3o@networkadvertising.org,78.131.95.83,Gembucket,24391PLN,Aenean.doc,0
134,Amalita,Matashkin,03-09-1988,amatashkin3p@goo.ne.jp,242.176.128.19,Tresom,43279PLN,TristiqueFusceCongue.avi,0
135,Teddy,Gamil,08-08-1981,tgamil3q@storify.com,72.218.141.202,Wrapsafe,13903PLN,Semper.mp3,0
136,Orelia,Jefferd,22-05-1987,ojefferd3r@yahoo.co.jp,99.132.187.155,Cardify,33083PLN,PellentesqueViverraPede.avi,0
137,Corine,Denney,07-05-1989,cdenney3s@wiley.com,145.96.178.119,Stringtough,10764PLN,AugueVestibulum.mp3,0
138,Worden,Allsworth,01-04-1986,wallsworth3t@npr.org,204.183.218.183,Span,24329PLN,Sapien.tiff,1
139,Catlaina,Ofener,21-01-1992,cofener3u@ca.gov,113.42.90.100,Holdlamis,12142PLN,HacHabitassePlatea.ppt,0
140,Cammy,Beamson,01-06-1991,cbeamson3v@themeforest.net,182.138.11.13,Span,48565PLN,NecEuismod.avi,0
141,Bucky,Woofinden,20-10-1988,bwoofinden3w@intel.com,158.29.168.88,Tres-Zap,25396PLN,VelPedeMorbi.avi,1
142,Friederike,Guillford,15-04-1981,fguillford3x@narod.ru,204.233.70.78,Duobam,6004PLN,IpsumPrimis.mp3,1
143,Hastie,Templar,16-06-1982,htemplar3y@themeforest.net,194.66.115.190,Zontrax,46609PLN,Enim.gif,1
144,Brody,Gebbe,13-03-1987,bgebbe3z@imgur.com,118.83.99.6,Alphazap,47441PLN,MaecenasTinciduntLacus.avi,1
145,Xerxes,Cornelleau,02-04-1980,xcornelleau40@scientificamerican.com,78.1.161.44,Span,34017PLN,ParturientMontes.mp3,0
146,Kain,Magne,16-09-1989,kmagne41@oakley.com,27.8.177.215,Tin,45501PLN,PellentesqueUltricesPhasellus.avi,0
147,Caressa,Duffett,31-08-1986,cduffett42@nasa.gov,80.75.199.86,Lotlux,22252PLN,DictumstMaecenas.gif,0
148,Emelyne,Hoggan,09-04-1986,ehoggan43@tinypic.com,188.170.140.244,Flexidy,21102PLN,TurpisAPede.ppt,0
149,Tabb,Ryall,01-08-1988,tryall44@amazon.com,209.180.16.244,Stronghold,35988PLN,Orci.mpeg,0
150,Winifred,Scudder,21-03-1997,wscudder45@deviantart.com,243.24.157.47,Sonair,10531PLN,Natoque.avi,1
151,Rhodia,Footer,22-02-1989,rfooter46@unesco.org,37.217.81.238,Cookley,31537PLN,InterdumIn.tiff,0
152,Shel,Verey,03-04-1992,sverey47@wunderground.com,143.21.231.231,Temp,32681PLN,InHacHabitasse.mp3,0
153,Clarey,Sowte,03-12-1980,csowte48@yahoo.co.jp,36.77.13.53,It,31571PLN,AliquetUltrices.gif,1
154,Boony,Lelande,12-11-1983,blelande49@springer.com,194.145.48.193,Fintone,23430PLN,ConvallisTortor.avi,1
155,Camilla,Bohden,15-10-1984,cbohden4a@ow.ly,227.19.139.115,Lotstring,27977PLN,LacusAt.png,1
156,Bessy,Tanzig,27-01-1983,btanzig4b@umn.edu,22.127.226.246,Home Ing,16617PLN,Justo.txt,1
157,Kelly,Savile,12-07-1980,ksavile4c@blinklist.com,178.187.185.115,Kanlam,36647PLN,VestibulumAliquetUltrices.mp3,0
158,Maxwell,Purse,03-02-1980,mpurse4d@cmu.edu,101.132.137.190,Wrapsafe,47655PLN,LobortisConvallisTortor.ppt,0
159,Kat,Terry,31-10-1990,kterry4e@youku.com,88.34.82.103,Sub-Ex,16465PLN,CongueElementumIn.tiff,0
160,Ardith,Stanway,11-09-1997,astanway4f@stanford.edu,181.125.197.85,Lotstring,44785PLN,OdioCrasMi.gif,1
161,Milka,Cornill,20-05-1989,mcornill4g@homestead.com,97.185.178.46,Keylex,38198PLN,DiamNequeVestibulum.tiff,1
162,Augustin,Exall,24-02-1992,aexall4h@wisc.edu,144.18.245.165,Namfix,26158PLN,GravidaNisi.png,1
163,Kassia,Blatcher,15-08-1998,kblatcher4i@cam.ac.uk,45.234.243.68,Cookley,36227PLN,Malesuada.avi,1
164,Orland,Beacroft,08-04-1996,obeacroft4j@un.org,168.188.47.30,Gembucket,31494PLN,SodalesSedTincidunt.avi,1
165,Starla,Lowre,19-03-1996,slowre4k@si.edu,106.212.42.175,Otcom,13254PLN,Integer.ppt,0
166,Genevra,Medwell,13-02-1999,gmedwell4l@opera.com,116.119.87.181,Alphazap,23199PLN,PellentesqueViverraPede.mp3,0
167,Lindon,Benez,14-09-1985,lbenez4m@tamu.edu,103.13.136.162,Tres-Zap,38786PLN,Volutpat.mpeg,1
168,Byrom,Pesek,08-03-1996,bpesek4n@feedburner.com,205.205.62.154,Y-Solowarm,6846PLN,Blandit.jpeg,1
169,Dominick,Curedell,28-10-1991,dcuredell4o@163.com,160.18.59.240,Temp,8230PLN,DictumstMorbiVestibulum.tiff,1
170,Ree,Beeze,21-09-1980,rbeeze4p@issuu.com,214.124.57.171,Sub-Ex,14095PLN,MaecenasRhoncusAliquam.jpeg,0
171,Jule,Steger,31-12-1997,jsteger4q@wired.com,12.41.65.60,Bitchip,19518PLN,VivamusTortorDuis.mp3,0
172,Efrem,Adess,16-09-1998,eadess4r@umich.edu,199.169.85.43,Holdlamis,18619PLN,Est.mp3,0
173,Catherine,Kyngdon,10-10-1996,ckyngdon4s@scribd.com,23.25.231.173,Tempsoft,9890PLN,Quam.avi,0
174,Dicky,Downham,10-10-1998,ddownham4t@mit.edu,91.158.54.33,Wrapsafe,25794PLN,Vestibulum.tiff,0
175,Maxy,Babar,16-09-1997,mbabar4u@bandcamp.com,4.124.127.24,Job,10900PLN,Porttitor.mp3,0
176,Sherline,O'Carran,01-02-1989,socarran4v@netlog.com,81.83.116.211,Tampflex,29372PLN,ArcuAdipiscingMolestie.mp3,0
177,Elke,Fearney,06-09-1989,efearney4w@google.it,131.27.27.153,Cookley,44313PLN,Sapien.txt,0
178,Garrik,Weatherhill,12-06-1987,gweatherhill4x@ox.ac.uk,224.213.125.23,Overhold,19492PLN,LeoOdio.mp3,1
179,Kilian,Guppie,12-07-1985,kguppie4y@businesswire.com,252.82.146.244,Overhold,13411PLN,Orci.mov,1
180,Robenia,Carwardine,15-06-1980,rcarwardine4z@mlb.com,28.13.211.208,Gembucket,30870PLN,Maecenas.mp3,0
181,Rivi,Witsey,06-12-1991,rwitsey50@weebly.com,126.205.82.25,Stronghold,26622PLN,FringillaRhoncusMauris.avi,1
182,Hollyanne,Ching,23-07-1982,hching51@deliciousdays.com,96.177.182.105,Y-find,36707PLN,LiberoRutrum.mpeg,1
183,Rick,Terzo,25-10-1989,rterzo52@sciencedaily.com,83.177.99.219,Bitwolf,27699PLN,Ut.xls,0
184,Archibald,Boone,05-10-1990,aboone53@yellowbook.com,55.212.187.218,Sonsing,44381PLN,MorbiVestibulumVelit.mp3,1
185,Kalie,Dimmick,21-11-1989,kdimmick54@sciencedaily.com,128.148.199.41,Cookley,11259PLN,ConvallisTortor.xls,0
186,Woodie,Sheppey,07-06-1985,wsheppey55@friendfeed.com,176.200.150.72,Gembucket,46204PLN,Elit.tiff,0
187,Massimo,Cristoforo,14-05-1988,mcristoforo56@behance.net,155.124.179.45,Sonair,23782PLN,Integer.mpeg,1
188,Creigh,Gerriets,14-08-1990,cgerriets57@census.gov,234.131.53.112,Y-find,45396PLN,VelitDonecDiam.jpeg,1
189,Feliks,Yearns,28-01-1996,fyearns58@wordpress.org,206.180.132.138,Ronstring,47936PLN,Ante.tiff,1
190,Llewellyn,Ducker,06-06-1986,lducker59@t-online.de,150.40.114.97,Span,6572PLN,Semper.doc,0
191,Tiffy,Margram,24-10-1990,tmargram5a@de.vu,149.124.237.201,Flowdesk,46250PLN,EuSapienCursus.png,0
192,Tris,Pickburn,28-02-1982,tpickburn5b@xing.com,27.82.176.141,Alphazap,31133PLN,VelitDonec.mp3,1
193,Jolie,Hamsher,29-10-1987,jhamsher5c@sogou.com,169.204.216.37,Biodex,41264PLN,DiamVitae.gif,0
194,Katlin,Treat,14-09-1991,ktreat5d@huffingtonpost.com,192.241.228.94,Temp,7376PLN,Morbi.tiff,0
195,Alejandro,Zanetto,01-07-1998,azanetto5e@lycos.com,28.60.14.132,Flowdesk,49904PLN,AmetDiam.png,1
196,Belle,Bardell,19-10-1980,bbardell5f@vimeo.com,76.93.211.54,Redhold,39653PLN,LobortisSapien.xls,1
197,Rowney,Sevier,21-02-1996,rsevier5g@arstechnica.com,63.231.111.31,Veribet,19495PLN,TristiqueEst.xls,1
198,Chantal,Ianson,04-10-1997,cianson5h@si.edu,228.130.74.156,Tin,26117PLN,In.tiff,0
199,Sheppard,Jorden,27-02-1993,sjorden5i@omniture.com,132.63.85.204,Zoolab,45806PLN,PedeAc.xls,1
200,Sven,Cliburn,11-04-1988,scliburn5j@google.ca,206.56.105.90,Konklux,14385PLN,Felis.jpeg,1
201,Ingelbert,Pennazzi,01-07-1990,ipennazzi5k@nbcnews.com,48.99.178.182,It,33781PLN,Parturient.gif,0
202,Laurianne,Whitbread,23-12-1999,lwhitbread5l@hibu.com,255.16.114.6,Hatity,34599PLN,MolestieSed.mp3,1
203,Allin,Smallthwaite,10-07-1998,asmallthwaite5m@discovery.com,16.122.131.0,Temp,5690PLN,Duis.avi,0
204,Allison,Mannion,10-08-1980,amannion5n@java.com,222.35.175.112,Span,46387PLN,Vel.tiff,1
205,Idalina,Colam,03-11-1989,icolam5o@instagram.com,198.219.174.92,Otcom,49793PLN,ConsequatInConsequat.mov,0
206,Bowie,Tolhurst,15-06-1998,btolhurst5p@amazon.co.jp,88.174.33.55,Quo Lux,45895PLN,Vestibulum.doc,0
207,Rae,Pendreigh,26-12-1994,rpendreigh5q@wp.com,72.141.0.199,Viva,6454PLN,UltricesEnim.ppt,1
208,Eloise,Bangs,05-05-1997,ebangs5r@w3.org,242.65.247.218,Bitchip,23118PLN,PurusSit.mp3,0
209,Chane,Wankel,02-09-1992,cwankel5s@imgur.com,72.83.241.252,Bamity,34004PLN,ConvallisEgetEleifend.ppt,0
210,Packston,Rainsbury,17-08-1998,prainsbury5t@barnesandnoble.com,94.249.230.158,Opela,14043PLN,Commodo.gif,0
211,Tara,Mash,31-05-1987,tmash5u@narod.ru,65.249.167.235,Stronghold,35310PLN,In.ppt,0
212,Pernell,Clamp,01-10-1997,pclamp5v@posterous.com,193.67.250.213,Subin,46643PLN,Pede.avi,1
213,Domingo,Leaning,13-02-1995,dleaning5w@dailymail.co.uk,184.43.173.157,Ventosanzap,41895PLN,MagnisDisParturient.xls,1
214,Daniela,Crilly,29-09-1995,dcrilly5x@creativecommons.org,249.60.186.48,Stim,34571PLN,VolutpatConvallis.doc,0
215,Daria,Folomin,03-04-1987,dfolomin5y@thetimes.co.uk,93.199.46.160,Opela,16299PLN,DiamEratFermentum.xls,0
216,Jillana,Lannin,02-05-1998,jlannin5z@tinypic.com,90.238.157.21,Zontrax,41454PLN,VitaeIpsum.mp3,1
217,Roanne,Hyett,14-03-1995,rhyett60@jiathis.com,254.55.128.138,Matsoft,32201PLN,DuisFaucibus.ppt,1
218,Regina,Bussey,29-08-1997,rbussey61@barnesandnoble.com,39.118.112.164,Home Ing,15881PLN,NecEuismodScelerisque.ppt,1
219,Rafa,Jenny,08-06-1993,rjenny62@usgs.gov,163.38.14.46,Asoka,36412PLN,Nibh.jpeg,1
220,Michal,Eglington,11-09-1999,meglington63@shop-pro.jp,86.73.33.254,Matsoft,24663PLN,At.ppt,0
221,Tally,Woodcraft,02-09-1981,twoodcraft64@twitpic.com,186.155.64.190,Transcof,12440PLN,Accumsan.mp3,0
222,Nicol,Whenham,22-10-1985,nwhenham65@usatoday.com,70.46.82.108,Biodex,33712PLN,LobortisSapien.pdf,1
223,Tilly,Lamminam,18-04-1998,tlamminam66@hibu.com,5.106.235.194,Zathin,35260PLN,Arcu.xls,1
224,Geri,Mussetti,06-08-1993,gmussetti67@craigslist.org,169.113.51.205,Sonsing,11408PLN,Ut.tiff,1
225,Bryn,Olyonov,31-12-1986,bolyonov68@instagram.com,23.167.79.120,Andalax,24605PLN,AccumsanFelis.tiff,1
226,Kinnie,Brooksbank,09-08-1985,kbrooksbank69@dailymotion.com,145.78.193.38,Flowdesk,28885PLN,UtUltrices.ppt,0
227,Annissa,D'Acth,02-10-1991,adacth6a@patch.com,241.176.181.170,Kanlam,44775PLN,PurusEu.mp3,0
228,Charita,Klimontovich,09-08-1987,cklimontovich6b@house.gov,202.31.199.175,Aerified,18372PLN,BlanditUltricesEnim.avi,0
229,Burtie,Webster,23-01-1985,bwebster6c@sina.com.cn,244.174.42.203,Prodder,16598PLN,DonecQuisOrci.txt,0
230,Gran,Wareing,16-08-1985,gwareing6d@tinyurl.com,116.132.172.184,Hatity,29016PLN,HendreritAt.jpeg,0
231,Alexine,Hadye,14-10-1991,ahadye6e@tmall.com,185.132.70.68,Quo Lux,38440PLN,Erat.ppt,0
232,Lauralee,Pyson,31-08-1981,lpyson6f@ucla.edu,249.207.10.121,Holdlamis,13550PLN,LigulaVehicula.ppt,0
233,Lila,Haxley,12-12-1990,lhaxley6g@addthis.com,210.6.67.84,Stronghold,5369PLN,Phasellus.avi,0
234,Tobiah,MacDearmaid,03-04-1980,tmacdearmaid6h@soundcloud.com,56.115.237.113,Bamity,47746PLN,PellentesqueVolutpat.xls,0
235,Gerome,Meanwell,15-12-1996,gmeanwell6i@huffingtonpost.com,231.186.52.74,It,6383PLN,BlanditNonInterdum.doc,1
236,Audrie,Allebone,07-01-1996,aallebone6j@webnode.com,63.225.29.250,Vagram,48115PLN,Justo.mp3,1
237,Daron,Grumell,04-12-1987,dgrumell6k@nbcnews.com,164.26.187.91,Transcof,16589PLN,Etiam.mp3,0
238,Camille,Gillon,05-01-1980,cgillon6l@msu.edu,109.67.250.70,Hatity,11361PLN,Erat.mp3,1
239,Stacy,Burgoine,30-12-1991,sburgoine6m@nih.gov,53.203.26.134,Vagram,7957PLN,Risus.mp3,1
240,Leodora,Luby,17-08-1988,lluby6n@ehow.com,129.11.137.84,Lotlux,20407PLN,Id.tiff,1
241,Alison,Raynard,24-07-1987,araynard6o@dyndns.org,192.74.194.4,Zathin,20954PLN,Libero.avi,1
242,Mufi,Alexandersen,13-01-1980,malexandersen6p@jugem.jp,109.90.199.237,Treeflex,18419PLN,FermentumJustoNec.mov,0
243,Uta,Grendon,17-03-1994,ugrendon6q@flavors.me,57.210.219.18,Konklab,28516PLN,Vestibulum.xls,1
244,Aldous,Beckmann,13-09-1995,abeckmann6r@comcast.net,234.167.191.11,Konklux,28328PLN,ConsequatLectusIn.ppt,1
245,Emalia,Fancourt,09-09-1984,efancourt6s@seesaa.net,77.3.155.85,Stim,48866PLN,Ornare.xls,0
246,Harold,Farnfield,17-02-1993,hfarnfield6t@noaa.gov,180.74.248.99,Fix San,49535PLN,Tincidunt.ppt,0
247,Andros,Carding,16-07-1991,acarding6u@yolasite.com,52.232.192.128,Daltfresh,38814PLN,VivamusIn.avi,0
248,Nicholas,Tapenden,12-06-1983,ntapenden6v@naver.com,188.65.157.16,Ventosanzap,33833PLN,PulvinarLobortis.mov,0
249,Sibeal,Seeney,10-05-1993,sseeney6w@indiegogo.com,109.210.234.135,Treeflex,29985PLN,AcNulla.mpeg,0
250,Caterina,Giles,10-11-1999,cgiles6x@diigo.com,211.15.227.157,Overhold,23951PLN,Nulla.mp3,0
251,Christine,Tittletross,19-02-1987,ctittletross6y@amazon.co.jp,21.86.70.5,Kanlam,30436PLN,SapienInSapien.gif,0
252,Vernon,Dennes,23-05-1987,vdennes6z@telegraph.co.uk,10.38.61.11,Subin,26475PLN,Vestibulum.xls,0
253,Babs,Petras,05-06-1980,bpetras70@hatena.ne.jp,95.106.228.110,Sonsing,26794PLN,UllamcorperAugueA.xls,0
254,Karyn,Mccaull,05-07-1983,kmccaull71@clickbank.net,213.165.238.220,Veribet,14674PLN,NecCondimentum.mpeg,0
255,Katina,Pidduck,20-03-1998,kpidduck72@mac.com,200.13.150.126,Transcof,19299PLN,PurusPhasellusIn.avi,1
256,Baryram,Mulhill,11-06-1983,bmulhill73@springer.com,110.106.41.62,Tempsoft,6828PLN,IdTurpis.ppt,1
257,Ingemar,MacTerlagh,28-09-1987,imacterlagh74@slate.com,127.48.166.27,Andalax,14305PLN,EstDonecOdio.txt,1
258,Blaine,Piris,23-04-1999,bpiris75@sphinn.com,230.5.113.42,Fix San,22795PLN,NasceturRidiculusMus.mov,1
259,Sergent,Yegorchenkov,27-11-1984,syegorchenkov76@usnews.com,17.114.123.169,Cardify,34444PLN,Nec.tiff,0
260,Sydney,Keyho,04-11-1990,skeyho77@tripod.com,251.13.148.87,Overhold,43383PLN,Ac.ppt,0
261,Durward,Sirey,09-09-1999,dsirey78@ocn.ne.jp,147.186.64.86,Fix San,45926PLN,LacusAtTurpis.tiff,0
262,Norry,Stoker,15-12-1995,nstoker79@state.gov,138.114.71.74,Bigtax,5425PLN,ImperdietSapien.mpeg,1
263,Parrnell,Levy,09-05-1980,plevy7a@amazon.co.jp,45.96.90.130,Fix San,18518PLN,Augue.ppt,1
264,Cyrillus,Dockreay,24-01-1987,cdockreay7b@loc.gov,174.138.129.195,Otcom,37362PLN,PellentesqueVolutpat.tiff,0
265,Marietta,Vreiberg,09-08-1983,mvreiberg7c@blogger.com,172.252.197.152,Cookley,36463PLN,Amet.mov,1
266,Wyndham,Knyvett,01-11-1982,wknyvett7d@hugedomains.com,65.72.19.106,Home Ing,49295PLN,VestibulumVelit.mp3,1
267,Danila,Olsson,13-02-1983,dolsson7e@arizona.edu,22.117.187.155,Wrapsafe,12929PLN,Cubilia.jpeg,1
268,Sari,Lenaghen,25-10-1984,slenaghen7f@ucla.edu,54.0.161.210,Pannier,18537PLN,IpsumAc.gif,1
269,Genevra,Minshull,03-01-1986,gminshull7g@twitpic.com,151.171.241.253,Bamity,35727PLN,IdSapienIn.xls,0
270,Merwin,Franklen,01-02-1992,mfranklen7h@posterous.com,107.18.111.143,Latlux,29755PLN,Et.jpeg,0
271,Jonell,Seary,11-08-1992,jseary7i@gov.uk,169.34.196.168,Konklab,7342PLN,Est.mp3,1
272,Avivah,Kent,19-05-1988,akent7j@so-net.ne.jp,71.102.154.108,Daltfresh,17002PLN,AccumsanFelis.mp3,0
273,Zachery,Westman,01-10-1984,zwestman7k@vk.com,185.201.67.88,Quo Lux,47644PLN,RhoncusDuiVel.mov,1
274,L;urette,Helm,12-11-1996,lhelm7l@accuweather.com,216.87.209.206,Bitwolf,22118PLN,Varius.avi,0
275,Wayne,Willingam,21-05-1993,wwillingam7m@wunderground.com,31.176.130.192,Overhold,5893PLN,VenenatisTurpis.xls,0
276,Netty,Skeldon,19-02-1986,nskeldon7n@cocolog-nifty.com,209.65.187.100,Alpha,24665PLN,VestibulumAliquetUltrices.ppt,1
277,Sigfried,Muskett,11-01-1992,smuskett7o@ucsd.edu,247.152.64.197,Stim,22703PLN,SitAmet.avi,0
278,Bert,Grayshan,14-11-1980,bgrayshan7p@symantec.com,223.203.40.232,It,5645PLN,Enim.jpeg,1
279,Olin,Grzesiewicz,06-09-1999,ogrzesiewicz7q@hatena.ne.jp,169.251.83.172,Y-find,35914PLN,Sit.ppt,0
280,Lyssa,Swynfen,11-11-1991,lswynfen7r@e-recht24.de,248.77.116.78,Mat Lam Tam,5401PLN,Vitae.mp3,1
281,Alexine,Spurdens,23-06-1995,aspurdens7s@youtu.be,139.5.200.244,Alpha,11142PLN,ViverraEgetCongue.png,1
282,Stinky,Soffe,19-09-1997,ssoffe7t@tuttocitta.it,161.53.82.196,Stringtough,14874PLN,Consectetuer.mp3,1
283,Antonino,Adolf,19-11-1998,aadolf7u@mail.ru,142.13.179.100,Keylex,16130PLN,VehiculaCondimentumCurabitur.gif,1
284,Neville,Flade,12-09-1988,nflade7v@exblog.jp,1.122.182.60,It,5690PLN,LaciniaEgetTincidunt.avi,0
285,Alastair,Taillant,04-02-1996,ataillant7w@zdnet.com,62.124.103.32,Stim,49976PLN,FusceConsequat.xls,1
286,Anitra,Dunton,28-12-1988,adunton7x@usatoday.com,112.143.182.178,Cardify,46490PLN,Cursus.xls,1
287,Lew,Mulbry,09-04-1988,lmulbry7y@sina.com.cn,98.37.13.252,Greenlam,30974PLN,Rutrum.mov,0
288,Chrysler,Bossons,09-11-1998,cbossons7z@utexas.edu,251.243.244.159,Pannier,20895PLN,NullaUtErat.jpeg,1
289,Lurette,Carvil,10-02-1983,lcarvil80@bbb.org,99.115.206.44,Tin,13166PLN,ErosElementum.xls,1
290,Berti,Jedrzejewsky,07-08-1982,bjedrzejewsky81@skype.com,238.62.247.51,Cardguard,13113PLN,EgetMassa.gif,1
291,Hobey,Martugin,21-12-1990,hmartugin82@prnewswire.com,34.193.229.214,Tres-Zap,31377PLN,AmetCursusId.xls,0
292,Rollins,Rizziello,21-08-1994,rrizziello83@ebay.co.uk,179.35.151.198,Latlux,49396PLN,RhoncusDui.jpeg,0
293,Jaclyn,Tarpey,25-06-1989,jtarpey84@springer.com,133.220.148.76,Transcof,30690PLN,Mi.mpeg,1
294,Art,Niblett,24-04-1994,aniblett85@stanford.edu,92.72.192.247,Fintone,46284PLN,Justo.png,0
295,Miriam,Jamary,06-10-1999,mjamary86@livejournal.com,5.84.161.214,Asoka,31220PLN,AFeugiatEt.mp3,1
296,Phyllys,Dyball,03-01-1999,pdyball87@telegraph.co.uk,243.148.119.172,Voltsillam,5787PLN,LacusMorbi.mp3,0
297,Baillie,Gobolos,17-01-1987,bgobolos88@friendfeed.com,133.218.211.229,Tin,34165PLN,Sit.mov,0
298,Dru,Knapp,29-11-1994,dknapp89@who.int,105.3.245.255,Home Ing,30320PLN,PellentesqueQuisquePorta.xls,0
299,Corty,Naerup,12-06-1991,cnaerup8a@utexas.edu,98.241.198.249,Subin,13331PLN,JustoLaciniaEget.xls,0
300,Anet,Stigers,14-06-1980,astigers8b@ycombinator.com,96.139.176.234,Voyatouch,11783PLN,DonecSemperSapien.tiff,1
301,Grace,Ipsley,17-05-1988,gipsley8c@nifty.com,102.213.139.222,Redhold,16062PLN,AnteVel.gif,1
302,Sullivan,Brunsen,15-09-1987,sbrunsen8d@addthis.com,57.244.217.110,Ronstring,19601PLN,Lobortis.jpeg,0
303,Ogdon,Litterick,15-09-1985,olitterick8e@narod.ru,113.13.34.19,Fintone,10889PLN,CrasMiPede.avi,0
304,Abner,Vagges,21-07-1983,avagges8f@google.de,69.72.84.235,Treeflex,6537PLN,DolorMorbi.xls,0
305,Cammy,Count,21-07-1987,ccount8g@yelp.com,111.22.81.222,Flexidy,18508PLN,Non.mov,1
306,Benito,Scholler,05-12-1987,bscholler8h@is.gd,196.202.227.181,Bitchip,14868PLN,Orci.mp3,1
307,Gloriana,Santen,30-05-1998,gsanten8i@quantcast.com,100.186.246.192,Regrant,17960PLN,MorbiSem.xls,1
308,Alyssa,Terrill,09-09-1990,aterrill8j@npr.org,44.188.17.55,Alpha,13182PLN,Quisque.xls,1
309,Celesta,Clac,30-09-1984,cclac8k@e-recht24.de,153.100.89.136,Fixflex,45192PLN,SuspendisseOrnare.avi,1
310,Bernard,Horder,13-03-1984,bhorder8l@studiopress.com,231.191.140.9,Kanlam,15686PLN,TemporTurpis.doc,1
311,Rozelle,Bandy,11-05-1991,rbandy8m@nationalgeographic.com,204.112.195.22,Bitwolf,32432PLN,UllamcorperPurusSit.xls,1
312,Larissa,Beddon,06-03-1996,lbeddon8n@timesonline.co.uk,197.191.27.73,Zontrax,31974PLN,DonecUtMauris.avi,0
313,Sara-ann,Dorn,17-01-1998,sdorn8o@sfgate.com,78.199.134.201,Alpha,47477PLN,A.xls,0
314,Adrianne,Reimer,26-03-1994,areimer8p@unesco.org,81.171.219.105,Zoolab,28337PLN,MollisMolestieLorem.avi,0
315,Florrie,Hovell,06-02-1980,fhovell8q@answers.com,115.132.153.141,Home Ing,28727PLN,Aenean.mp3,1
316,Ingeberg,Giacopazzi,20-07-1997,igiacopazzi8r@earthlink.net,230.115.97.172,Fix San,19977PLN,Nam.xls,1
317,Florencia,Klein,02-02-1993,fklein8s@printfriendly.com,67.81.4.62,Tresom,31448PLN,AnteIpsum.tiff,1
318,Janifer,Beals,04-11-1999,jbeals8t@wikimedia.org,19.109.136.248,Bigtax,26538PLN,FringillaRhoncusMauris.txt,1
319,Emmalynne,Taylder,27-03-1996,etaylder8u@ovh.net,96.150.141.89,Viva,23650PLN,QuamPedeLobortis.avi,0
320,Ashil,Davenall,28-04-1986,adavenall8v@csmonitor.com,99.75.129.216,Subin,29469PLN,Rhoncus.xls,0
321,Antone,Borsi,09-09-1996,aborsi8w@hc360.com,109.247.71.249,Prodder,23450PLN,UltricesPosuereCubilia.doc,0
322,Boote,Linnit,28-09-1997,blinnit8x@opensource.org,18.92.109.45,Veribet,43457PLN,EuOrciMauris.txt,1
323,Ilsa,Wilbore,22-11-1983,iwilbore8y@wsj.com,226.170.178.7,Bigtax,6273PLN,APedePosuere.mp3,0
324,Raleigh,Fruish,27-06-1984,rfruish8z@youtu.be,8.159.186.38,Ronstring,24964PLN,VelAugue.xls,1
325,Rosalind,Quail,03-08-1991,rquail90@princeton.edu,136.244.43.218,Voltsillam,29519PLN,Ut.ppt,1
326,Ogdan,Farlambe,05-07-1990,ofarlambe91@amazon.co.uk,207.148.158.131,Pannier,38009PLN,EgestasMetusAenean.ppt,1
327,Annabel,Wheadon,28-05-1999,awheadon92@chron.com,69.112.112.212,Sub-Ex,8749PLN,Orci.jpeg,0
328,Janela,Licari,22-07-1985,jlicari93@sciencedirect.com,53.6.4.96,Zaam-Dox,34633PLN,Dolor.gif,0
329,Fraser,Rickersey,21-07-1992,frickersey94@moonfruit.com,127.225.21.119,Duobam,42873PLN,VelPedeMorbi.avi,0
330,Siffre,Padell,28-06-1990,spadell95@issuu.com,240.97.30.80,Tempsoft,13314PLN,Nisi.ppt,1
331,Fleming,Rapaport,06-03-1995,frapaport96@gizmodo.com,245.35.64.62,Alpha,27353PLN,A.ppt,1
332,Lucila,Gilhool,13-10-1990,lgilhool97@networksolutions.com,148.135.42.251,Overhold,47949PLN,MaurisEnim.xls,0
333,Renata,Traves,31-01-1998,rtraves98@rediff.com,73.22.0.200,Holdlamis,28258PLN,Convallis.mov,0
334,Christopher,Reedshaw,16-12-1984,creedshaw99@a8.net,34.227.235.52,Namfix,42954PLN,Sodales.png,0
335,Madison,Womack,27-10-1994,mwomack9a@house.gov,137.204.198.140,Duobam,13384PLN,AcEnim.mp3,1
336,Britni,Leighton,09-09-1991,bleighton9b@hud.gov,64.148.91.216,Daltfresh,22642PLN,SuspendissePotentiNullam.avi,0
337,North,Stutter,29-05-1993,nstutter9c@sciencedaily.com,119.22.93.30,Quo Lux,5076PLN,QuamSollicitudinVitae.mp3,0
338,Dale,Auger,20-10-1990,dauger9d@adobe.com,117.33.222.169,Y-find,43862PLN,Lobortis.mov,0
339,Netti,Giamo,19-06-1988,ngiamo9e@google.com,211.224.34.39,Overhold,43909PLN,AuctorGravidaSem.xls,1
340,Constancy,Mariotte,31-01-1990,cmariotte9f@google.pl,109.227.153.166,Fix San,17364PLN,JustoMorbiUt.avi,1
341,Annabela,Dibb,15-06-1998,adibb9g@oaic.gov.au,26.85.146.87,Home Ing,28349PLN,IntegerNonVelit.mov,0
342,Sybille,Kochl,30-05-1994,skochl9h@storify.com,155.146.177.66,Bytecard,11592PLN,RhoncusMaurisEnim.ppt,0
343,Jonis,Phillott,04-11-1984,jphillott9i@oakley.com,225.119.233.65,Voyatouch,47546PLN,DuiProinLeo.mov,0
344,Gabey,Solan,01-02-1984,gsolan9j@redcross.org,122.149.237.107,Zaam-Dox,49972PLN,Ullamcorper.ppt,0
345,Allx,Tatnell,22-05-1987,atatnell9k@123-reg.co.uk,195.226.31.117,Aerified,22695PLN,LacusCurabitur.mpeg,0
346,Olag,Lyburn,16-11-1985,olyburn9l@auda.org.au,36.110.228.172,Ronstring,36528PLN,RutrumAc.xls,0
347,Nerte,Riep,31-07-1998,nriep9m@etsy.com,66.121.11.64,Alpha,30937PLN,Sagittis.mp3,0
348,Wilone,Loughhead,28-06-1993,wloughhead9n@phoca.cz,61.95.71.165,Tresom,17259PLN,Non.mp3,0
349,Rikki,Thomel,01-12-1999,rthomel9o@cnn.com,117.75.70.147,Zontrax,39632PLN,CurabiturAt.txt,1
350,Legra,Parsley,31-07-1990,lparsley9p@fc2.com,20.224.169.25,Fixflex,13228PLN,Nonummy.mp3,0
351,Hillie,Stockoe,04-10-1998,hstockoe9q@aol.com,55.1.169.31,Cookley,35423PLN,VivamusTortorDuis.avi,0
352,Myer,Freeborn,10-02-1980,mfreeborn9r@tamu.edu,72.108.102.79,Andalax,36804PLN,AdipiscingElitProin.jpeg,0
353,Corabelle,Quaif,28-06-1997,cquaif9s@adobe.com,243.101.123.252,Sonair,43819PLN,TemporTurpisNec.tiff,0
354,Aundrea,Alen,20-07-1981,aalen9t@imageshack.us,16.246.241.3,Keylex,30903PLN,ViverraEget.mp3,1
355,Clint,Becks,20-11-1999,cbecks9u@ifeng.com,15.55.242.246,Tres-Zap,42637PLN,TortorId.ppt,1
356,Ivy,Rosencwaig,02-12-1996,irosencwaig9v@discuz.net,247.199.114.15,Stronghold,22098PLN,InCongueEtiam.avi,1
357,Sawyer,Filippi,24-02-1989,sfilippi9w@ycombinator.com,197.181.247.156,Toughjoyfax,22210PLN,PosuereCubiliaCurae.ppt,1
358,Babita,Leverton,22-05-1984,bleverton9x@marketwatch.com,112.110.99.186,Wrapsafe,37841PLN,Tincidunt.jpeg,0
359,Christy,McKall,12-12-1988,cmckall9y@nationalgeographic.com,121.222.192.140,Stringtough,39371PLN,Ante.mp3,1
360,Jilly,Mountford,12-02-1997,jmountford9z@quantcast.com,99.150.86.17,Andalax,21688PLN,Dapibus.tiff,1
361,Clemmy,Arno,17-02-1980,carnoa0@cam.ac.uk,227.183.89.160,Mat Lam Tam,16233PLN,Ullamcorper.pdf,1
362,Remus,Adlard,04-10-1994,radlarda1@yale.edu,105.193.90.201,Tempsoft,12798PLN,Auctor.mp3,0
363,Jewelle,Poundesford,14-09-1994,jpoundesforda2@weather.com,161.116.45.93,Keylex,15632PLN,Scelerisque.ppt,0
364,Stephan,Duffie,13-01-1980,sduffiea3@mozilla.com,163.50.89.78,Trippledex,48203PLN,Eleifend.txt,1
365,Marlowe,Merrick,19-12-1992,mmerricka4@accuweather.com,151.194.238.215,Aerified,20480PLN,NamCongueRisus.ppt,1
366,Fina,Linthead,03-10-1993,flintheada5@amazon.co.uk,122.227.150.33,Kanlam,31209PLN,Nam.jpeg,1
367,Alix,Lyburn,17-02-1998,alyburna6@shinystat.com,95.186.33.197,Sub-Ex,21612PLN,LeoPellentesque.ppt,1
368,Preston,Seckom,22-10-1988,pseckoma7@accuweather.com,254.161.197.179,Mat Lam Tam,42633PLN,TemporConvallis.jpeg,0
369,Hamel,Elsop,18-04-1985,helsopa8@hp.com,207.236.74.226,Namfix,21004PLN,AugueVestibulum.mp3,0
370,Stacia,Swinerd,22-11-1988,sswinerda9@time.com,24.9.204.242,Lotstring,27080PLN,VelSem.xls,0
371,Packston,Saywood,05-01-1985,psaywoodaa@washington.edu,122.4.17.16,Fix San,9348PLN,Primis.pdf,1
372,Jany,Matsell,30-01-1986,jmatsellab@ihg.com,139.72.133.246,Stronghold,38656PLN,SitAmetErat.avi,0
373,Dianna,Karlsson,14-12-1983,dkarlssonac@slate.com,90.139.193.166,Wrapsafe,37478PLN,NullaUltrices.mp3,0
374,Mose,Peacey,31-08-1989,mpeaceyad@drupal.org,226.114.6.141,Stronghold,41151PLN,EratQuisqueErat.mpeg,0
375,Burton,Fancutt,08-11-1997,bfancuttae@joomla.org,34.189.37.225,Tampflex,36455PLN,A.xls,1
376,Marigold,Paz,19-01-1985,mpazaf@yahoo.co.jp,33.107.244.101,Rank,14475PLN,Adipiscing.mpeg,0
377,Glyn,Hugueville,03-05-1987,ghuguevilleag@nbcnews.com,230.248.181.80,Rank,22116PLN,OdioElementumEu.tiff,1
378,Eliot,Mann,14-05-1980,emannah@zdnet.com,195.105.189.57,Sub-Ex,46292PLN,EnimBlandit.xls,0
379,Sibyl,Charke,17-11-1989,scharkeai@diigo.com,111.230.98.90,Prodder,46749PLN,Velit.avi,1
380,Roxine,Toffolini,26-05-1985,rtoffoliniaj@nasa.gov,64.168.173.245,Temp,20165PLN,EtTempus.xls,1
381,Galvin,Arlt,27-09-1993,garltak@cloudflare.com,30.110.19.105,Regrant,41070PLN,Eros.avi,0
382,Chadwick,Roth,26-07-1992,crothal@hibu.com,108.46.29.32,Cookley,24141PLN,JustoIn.mp3,1
383,Errick,Harpham,25-09-1985,eharphamam@apple.com,236.158.163.84,Y-Solowarm,31249PLN,VelLectus.mpeg,0
384,Cherie,Hourican,24-10-1993,chouricanan@google.ru,51.218.189.5,Duobam,26747PLN,Nulla.xls,0
385,Augustine,Navarre,08-09-1986,anavarreao@forbes.com,156.161.101.209,Duobam,36630PLN,AtFeugiat.avi,1
386,Hartley,MacLucais,05-02-1998,hmaclucaisap@nps.gov,80.206.3.110,Prodder,15797PLN,IdNullaUltrices.ppt,0
387,Joya,Galfour,09-03-1999,jgalfouraq@creativecommons.org,178.253.225.88,Kanlam,44514PLN,Dictumst.mp3,0
388,Ruthe,Worsham,12-04-1984,rworshamar@last.fm,193.217.210.129,Toughjoyfax,28024PLN,NisiVolutpat.doc,0
389,Iseabal,Zambon,30-01-1981,izambonas@ebay.co.uk,230.188.192.217,Hatity,29135PLN,AcTellus.avi,0
390,Dora,Jelley,16-03-1980,djelleyat@ifeng.com,191.253.209.158,Zontrax,22376PLN,Interdum.ppt,1
391,Allistir,Eicke,25-03-1981,aeickeau@ebay.co.uk,152.114.84.192,Y-Solowarm,18035PLN,EnimSitAmet.xls,1
392,Linnet,Smallman,19-12-1988,lsmallmanav@stanford.edu,103.80.241.120,Biodex,8703PLN,InMagnaBibendum.xls,1
393,Julia,Lambersen,17-12-1983,jlambersenaw@dot.gov,122.95.20.254,Sonair,16347PLN,Quis.ppt,0
394,Sherwood,Zamorano,25-07-1982,szamoranoax@miibeian.gov.cn,40.52.171.90,Tin,11662PLN,Nulla.ppt,1
395,Rina,Lapthorne,21-11-1996,rlapthorneay@feedburner.com,195.9.232.12,Konklab,34559PLN,MiNulla.pdf,1
396,Ermin,Stuchberry,16-04-1991,estuchberryaz@unc.edu,184.59.181.51,Voltsillam,7077PLN,Gravida.mp3,0
397,Manon,Craigie,08-01-1983,mcraigieb0@feedburner.com,120.211.61.53,Bytecard,45783PLN,DuisFaucibus.mp3,1
398,Opaline,Kunzelmann,04-01-1987,okunzelmannb1@samsung.com,52.125.40.33,Viva,26814PLN,TristiqueFusceCongue.avi,0
399,Rebeka,Elsey,19-12-1989,relseyb2@google.com,204.97.202.100,Lotstring,34861PLN,Sit.avi,1
400,Ladonna,Stearn,17-12-1981,lstearnb3@netscape.com,6.171.175.9,Namfix,16251PLN,PotentiNullam.xls,1
401,Kahlil,Anan,14-11-1994,kananb4@netscape.com,246.62.221.149,Y-find,30915PLN,Proin.ppt,1
402,Berty,Logie,26-08-1999,blogieb5@pagesperso-orange.fr,59.220.172.3,Asoka,41439PLN,In.ppt,0
403,Karlens,Matskevich,13-03-1994,kmatskevichb6@wordpress.com,228.140.97.152,Tres-Zap,32734PLN,NullaAcEnim.doc,1
404,Brennen,Derrell,28-09-1980,bderrellb7@amazonaws.com,94.231.70.201,Toughjoyfax,23822PLN,Purus.mp3,1
405,Elmore,Galler,19-11-1998,egallerb8@1688.com,242.68.99.169,Tresom,17859PLN,FeugiatNon.ppt,0
406,Lelia,Trynor,09-04-1984,ltrynorb9@thetimes.co.uk,53.49.15.45,Domainer,36756PLN,Congue.pdf,1
407,Templeton,Dobby,11-05-1994,tdobbyba@woothemes.com,219.113.47.140,Treeflex,20247PLN,MetusAeneanFermentum.ppt,1
408,Banky,Zannelli,12-05-1996,bzannellibb@pinterest.com,232.190.93.137,Stringtough,7154PLN,Mus.xls,1
409,Nate,Sturdey,28-02-1992,nsturdeybc@ucla.edu,97.42.165.163,Lotlux,26972PLN,InEleifend.xls,0
410,Francis,Dedon,04-12-1995,fdedonbd@java.com,190.120.156.11,Andalax,22913PLN,EgetRutrumAt.xls,0
411,Myrtie,Wharfe,06-10-1996,mwharfebe@springer.com,181.110.210.213,Konklux,34720PLN,JustoSitAmet.jpeg,1
412,Teodoor,Hovenden,13-09-1985,thovendenbf@tmall.com,98.210.138.40,Bamity,41227PLN,Ultricies.jpeg,1
413,Karlene,Heskin,21-03-1988,kheskinbg@walmart.com,134.141.204.178,Stim,29688PLN,MetusArcuAdipiscing.tiff,1
414,Florinda,McKendry,13-11-1983,fmckendrybh@360.cn,71.160.26.231,Namfix,21789PLN,IdLuctusNec.xls,1
415,Wittie,Bowerbank,23-01-1998,wbowerbankbi@spotify.com,74.144.103.161,Wrapsafe,7064PLN,Mauris.tiff,0
416,Arri,Bastow,09-01-1985,abastowbj@prnewswire.com,66.60.130.248,Bigtax,42164PLN,JustoEtiam.mp3,1
417,Rheba,Jansky,29-01-1988,rjanskybk@wisc.edu,251.175.238.98,Latlux,48542PLN,Sapien.mov,1
418,Gayleen,Bottrill,23-05-1998,gbottrillbl@reddit.com,194.151.247.187,Span,17513PLN,AliquetPulvinarSed.txt,0
419,Edd,Ickeringill,11-06-1988,eickeringillbm@fda.gov,111.153.244.95,Asoka,33190PLN,IpsumPrimis.xls,0
420,Raymund,Slack,10-06-1989,rslackbn@t.co,3.240.47.56,Latlux,43111PLN,EnimLeo.mov,0
421,Titos,Ojeda,30-12-1999,tojedabo@cmu.edu,15.121.229.193,Aerified,5368PLN,UtErat.avi,1
422,Bartholomew,Penn,08-08-1983,bpennbp@paypal.com,224.20.114.84,Mat Lam Tam,20414PLN,InAnte.ppt,1
423,Deni,Andrysek,20-04-1996,dandrysekbq@samsung.com,47.197.21.122,Kanlam,9207PLN,Orci.pdf,0
424,Hendrik,Sefton,16-12-1996,hseftonbr@columbia.edu,233.210.111.36,Flexidy,37752PLN,SedTristiqueIn.mp3,0
425,Maddalena,Gummory,11-07-1985,mgummorybs@youtu.be,20.52.188.98,Bigtax,25712PLN,Nibh.jpeg,0
426,Livvy,Iglesia,18-09-1984,liglesiabt@livejournal.com,29.133.126.223,Transcof,11914PLN,Accumsan.ppt,0
427,Fitz,Puve,15-12-1992,fpuvebu@gmpg.org,211.201.210.32,Tampflex,19727PLN,Ut.ppt,0
428,Augustine,Tweedlie,06-03-1996,atweedliebv@tripod.com,41.147.177.95,Latlux,35015PLN,HabitassePlatea.xls,1
429,Mario,McCurdy,26-07-1985,mmccurdybw@alibaba.com,28.85.240.99,Y-find,23438PLN,Tincidunt.avi,1
430,Nani,Coonihan,22-11-1998,ncoonihanbx@cbc.ca,226.92.2.106,Y-find,11994PLN,Odio.ppt,1
431,Penny,Rumney,18-11-1987,prumneyby@bigcartel.com,174.72.169.223,Aerified,46776PLN,Mollis.xls,1
432,Kathleen,Feitosa,29-10-1982,kfeitosabz@ca.gov,144.248.192.65,Sonsing,12960PLN,DapibusDolorVel.ppt,1
433,Birdie,Legrice,12-10-1986,blegricec0@gravatar.com,146.70.9.115,Biodex,16337PLN,VitaeIpsum.doc,1
434,Malinde,Karpets,15-12-1980,mkarpetsc1@php.net,71.119.180.65,Tampflex,33062PLN,Diam.xls,1
435,Margret,Kobiera,08-11-1980,mkobierac2@discovery.com,187.144.177.122,Bigtax,26810PLN,NisiAt.xls,0
436,Denna,Haibel,01-06-1994,dhaibelc3@cpanel.net,184.109.186.72,Toughjoyfax,40699PLN,ViverraDapibusNulla.xls,1
437,Clea,Bullcock,12-12-1980,cbullcockc4@archive.org,43.107.241.161,Stronghold,47041PLN,InHacHabitasse.avi,0
438,Yovonnda,Steventon,26-10-1982,ysteventonc5@linkedin.com,102.60.174.247,Lotstring,6121PLN,Duis.avi,1
439,Caz,Feltham,18-03-1994,cfelthamc6@cafepress.com,218.136.89.171,Stringtough,5365PLN,AeneanAuctor.tiff,1
440,Elinore,Giveen,02-10-1991,egiveenc7@kickstarter.com,126.87.230.48,Latlux,7809PLN,LoremVitae.avi,0
441,Morgan,Swanborrow,15-01-1999,mswanborrowc8@yolasite.com,61.72.234.79,Ventosanzap,37089PLN,LiberoUt.avi,0
442,Craggie,Laydel,20-05-1982,claydelc9@g.co,146.74.11.9,Gembucket,33791PLN,SuscipitNullaElit.avi,0
443,Andrew,Wateridge,17-05-1993,awateridgeca@hatena.ne.jp,199.11.108.216,Quo Lux,14916PLN,Nisl.mp3,0
444,Tommie,Ahern,15-02-1980,taherncb@com.com,169.149.120.75,Tresom,7105PLN,NuncRhoncus.mp3,0
445,Ab,Meldon,02-03-1986,ameldoncc@technorati.com,68.236.125.110,Quo Lux,49794PLN,Interdum.jpeg,1
446,Filberte,Bovingdon,20-01-1980,fbovingdoncd@cnn.com,148.62.5.135,Daltfresh,26040PLN,MagnisDisParturient.doc,1
447,Gussie,Haselgrove,17-12-1994,ghaselgrovece@wsj.com,237.220.18.45,Zontrax,38576PLN,Rutrum.gif,1
448,Sofie,Pace,04-08-1982,spacecf@weibo.com,36.226.40.74,Namfix,11825PLN,CommodoVulputate.mp3,0
449,Emogene,Scroxton,31-08-1991,escroxtoncg@taobao.com,98.174.31.14,Mat Lam Tam,30093PLN,SapienIaculisCongue.avi,1
450,Briano,Ledamun,21-09-1989,bledamunch@canalblog.com,41.177.238.101,Zamit,47139PLN,Nec.avi,0
451,Britte,Chyuerton,16-11-1982,bchyuertonci@google.ru,222.254.200.239,Viva,44127PLN,Ut.mp3,0
452,Laetitia,Rusbridge,16-05-1998,lrusbridgecj@e-recht24.de,125.139.209.80,Vagram,10640PLN,PlaceratAnteNulla.xls,1
453,Harris,Lodewick,18-09-1993,hlodewickck@businesswire.com,82.220.141.133,Holdlamis,34243PLN,TurpisIntegerAliquet.ppt,1
454,Hobard,Grassick,24-02-1992,hgrassickcl@istockphoto.com,170.93.33.123,Namfix,21035PLN,Leo.xls,0
455,Simeon,Mawhinney,24-01-1987,smawhinneycm@barnesandnoble.com,100.80.55.20,Alphazap,18802PLN,Elementum.avi,0
456,Penny,Mayo,30-05-1996,pmayocn@yellowbook.com,59.70.200.215,Matsoft,15308PLN,Augue.ppt,0
457,Alford,Cobbin,03-04-1980,acobbinco@vistaprint.com,18.156.45.62,Rank,24814PLN,SemMaurisLaoreet.mp3,1
458,Caryn,Mizzen,02-08-1981,cmizzencp@shutterfly.com,205.87.9.86,Kanlam,21496PLN,ImperdietEtCommodo.mov,0
459,Demetri,Ferrar,29-05-1981,dferrarcq@time.com,65.212.37.40,Voltsillam,27837PLN,Donec.ppt,1
460,Candie,Meeny,21-01-1984,cmeenycr@youtube.com,124.113.23.132,Andalax,47569PLN,VulputateUtUltrices.ppt,0
461,Austina,Spensley,17-12-1989,aspensleycs@jiathis.com,73.234.252.34,Zontrax,46065PLN,Ligula.xls,1
462,Perri,Tivnan,06-05-1983,ptivnanct@si.edu,25.199.213.73,Zoolab,35762PLN,NisiVenenatisTristique.mp3,0
463,Vincenty,Temperton,18-02-1987,vtempertoncu@pbs.org,181.176.134.81,Fixflex,46567PLN,Integer.ppt,1
464,Flora,Gladhill,20-02-1989,fgladhillcv@noaa.gov,190.82.105.168,Domainer,7813PLN,IpsumPrimis.avi,0
465,Dionne,Shotboulte,28-06-1984,dshotboultecw@hostgator.com,99.135.107.156,Tampflex,23403PLN,AmetSapien.jpeg,1
466,Derek,Guillotin,07-10-1994,dguillotincx@google.cn,0.52.161.27,Rank,36245PLN,Volutpat.doc,1
467,Grady,Tidmarsh,14-03-1989,gtidmarshcy@cocolog-nifty.com,192.148.48.164,Domainer,33750PLN,TurpisIntegerAliquet.xls,0
468,Caroline,Louca,19-06-1982,cloucacz@java.com,191.10.108.110,Rank,13061PLN,Scelerisque.jpeg,1
469,Dionysus,Alenshev,01-04-1995,dalenshevd0@discuz.net,91.196.234.172,Alpha,42576PLN,Molestie.avi,0
470,Eleanore,Penticoot,08-10-1993,epenticootd1@godaddy.com,198.58.66.239,Voyatouch,34030PLN,Quam.tiff,0
471,Junia,Goodwin,28-08-1988,jgoodwind2@noaa.gov,170.198.76.74,Sonsing,10459PLN,CubiliaCuraeDuis.gif,1
472,Yvonne,Hoodlass,09-08-1994,yhoodlassd3@psu.edu,214.53.162.158,Andalax,6790PLN,Ac.avi,1
473,Lizzy,Epelett,25-12-1989,lepelettd4@va.gov,112.247.238.211,Voltsillam,29401PLN,EgetEleifendLuctus.jpeg,0
474,Vonnie,Ironside,17-10-1989,vironsided5@ted.com,46.42.196.104,Tampflex,5868PLN,TristiqueFusceCongue.mp3,0
475,Gavra,Scriven,12-12-1980,gscrivend6@pbs.org,77.74.59.207,Konklux,22336PLN,MaecenasTincidunt.mov,1
476,Gwennie,Cottle,12-02-1998,gcottled7@disqus.com,173.215.4.12,Solarbreeze,31097PLN,InFaucibus.xls,1
477,Meir,Balsom,28-09-1994,mbalsomd8@weibo.com,144.83.112.177,Bamity,23762PLN,Lorem.xls,0
478,Bink,McCoveney,09-09-1982,bmccoveneyd9@usda.gov,8.28.152.188,Vagram,42315PLN,SedTinciduntEu.ppt,1
479,Aldis,Chater,29-03-1996,achaterda@mozilla.com,89.38.98.36,Konklux,44304PLN,NullamSit.mp3,1
480,Fran,Cortes,02-08-1986,fcortesdb@cam.ac.uk,166.130.36.192,Regrant,39524PLN,TristiqueTortorEu.ppt,0
481,Cindra,Starrs,08-08-1994,cstarrsdc@ifeng.com,16.226.178.141,Tres-Zap,23801PLN,AtNunc.png,1
482,Barney,Fernier,27-12-1997,bfernierdd@nyu.edu,226.145.231.180,Stringtough,36612PLN,DiamIdOrnare.xls,1
483,Adiana,Obin,29-12-1981,aobinde@slate.com,202.133.36.82,Namfix,14206PLN,DuisMattisEgestas.mov,1
484,Clemens,Pedder,26-11-1989,cpedderdf@blogtalkradio.com,15.99.58.183,Viva,14843PLN,AtNulla.mp3,1
485,Erhart,Acreman,05-01-1991,eacremandg@jigsy.com,172.20.240.234,Konklab,28637PLN,AliquetUltricesErat.avi,1
486,Galina,Savil,27-04-1989,gsavildh@wikipedia.org,203.177.11.172,Zoolab,36042PLN,EtUltricesPosuere.txt,0
487,Wynn,Halburton,12-06-1989,whalburtondi@wikia.com,82.68.81.225,Prodder,15237PLN,Elit.xls,1
488,Kariotta,Cultcheth,18-02-1988,kcultchethdj@umich.edu,217.147.160.199,Bytecard,11729PLN,JustoEuMassa.xls,0
489,Davidde,Lode,10-08-1980,dlodedk@ezinearticles.com,210.230.73.36,Namfix,11158PLN,Accumsan.ppt,1
490,Sloane,Sinderson,11-12-1996,ssindersondl@vinaora.com,69.243.112.74,Solarbreeze,26348PLN,Magna.tiff,1
491,Brittani,Lorraine,28-07-1987,blorrainedm@free.fr,162.185.239.46,Biodex,33610PLN,UtNunc.gif,0
492,Carl,Golsby,21-02-1999,cgolsbydn@noaa.gov,255.0.241.43,It,10871PLN,OrciLuctus.ppt,0
493,Arabela,Ruoss,23-03-1982,aruossdo@vkontakte.ru,231.121.252.120,Konklab,35737PLN,RidiculusMusVivamus.tiff,0
494,Allister,Flohard,18-05-1982,afloharddp@mashable.com,221.235.137.181,It,20916PLN,VestibulumVelitId.gif,0
495,Sylvan,Hammon,20-08-1991,shammondq@skyrock.com,120.146.144.193,Stringtough,22029PLN,ConsectetuerAdipiscingElit.mov,0
496,Chaunce,Huzzey,13-12-1998,chuzzeydr@altervista.org,151.152.104.18,Namfix,14824PLN,LaciniaNisiVenenatis.jpeg,0
497,Murry,Aidler,12-11-1981,maidlerds@arstechnica.com,70.18.152.105,Cardify,26687PLN,InEleifendQuam.avi,1
498,Dayle,Moakson,12-11-1984,dmoaksondt@goodreads.com,152.53.174.122,Bitwolf,17637PLN,OdioOdio.avi,0
499,Glennis,Wretham,19-11-1990,gwrethamdu@themeforest.net,205.165.253.8,Fix San,25348PLN,MiNulla.png,0
500,Bamby,Brimicombe,03-06-1996,bbrimicombedv@sciencedirect.com,69.142.198.44,Tres-Zap,26551PLN,SemperSapienA.ppt,0
501,Mohandis,Iwaszkiewicz,20-04-1999,miwaszkiewiczdw@blogtalkradio.com,142.75.171.211,Quo Lux,6720PLN,VelPedeMorbi.xls,0
502,Dev,Kedslie,13-10-1997,dkedsliedx@slideshare.net,102.249.184.9,Biodex,49172PLN,UltriciesEuNibh.mpeg,0
503,Corbin,Aleksidze,04-10-1986,caleksidzedy@com.com,0.81.138.170,Greenlam,26121PLN,Justo.ppt,0
504,Ardyth,Cordero,10-11-1992,acorderodz@freewebs.com,79.221.11.30,Stronghold,18863PLN,Lectus.jpeg,0
505,Gawain,Cridland,01-05-1994,gcridlande0@engadget.com,217.234.191.53,Redhold,37088PLN,IpsumDolorSit.ppt,1
506,Jena,Houson,20-03-1987,jhousone1@joomla.org,134.221.247.13,Viva,32921PLN,Dictumst.xls,0
507,Bartlett,Robottham,19-03-1997,brobotthame2@vkontakte.ru,231.75.251.196,Y-find,28037PLN,UltriciesEu.mp3,1
508,Cchaddie,Lagen,02-11-1989,clagene3@vk.com,94.56.8.147,Cardify,36665PLN,Donec.ppt,1
509,Karlee,Wood,21-04-1986,kwoode4@booking.com,150.88.234.174,Asoka,36267PLN,DictumstMorbiVestibulum.mp3,0
510,Leonhard,Knowles,04-08-1995,lknowlese5@economist.com,68.49.163.54,Aerified,42008PLN,Risus.jpeg,0
511,Ethyl,Ubanks,21-01-1996,eubankse6@berkeley.edu,144.48.48.128,Wrapsafe,34027PLN,In.avi,1
512,Jesse,Dunseath,01-03-1982,jdunseathe7@hexun.com,93.179.2.165,Holdlamis,43127PLN,Suspendisse.png,0
513,Clea,Hubert,28-01-1997,chuberte8@people.com.cn,12.187.79.161,Voyatouch,42770PLN,ViverraDiam.ppt,1
514,Clerissa,Oehme,05-08-1980,coehmee9@seesaa.net,216.187.12.46,It,42960PLN,Ipsum.avi,1
515,Arnie,Rourke,10-10-1994,arourkeea@cnbc.com,37.149.53.232,Toughjoyfax,32149PLN,Sociis.mp3,0
516,Patric,Maddra,19-05-1999,pmaddraeb@wikispaces.com,48.58.44.249,Stim,43396PLN,Sollicitudin.tiff,0
517,Sibelle,Elnor,01-01-1999,selnorec@so-net.ne.jp,230.135.118.142,Otcom,6881PLN,Duis.xls,0
518,Renie,Nussen,05-12-1998,rnussened@baidu.com,212.167.48.100,Zoolab,49166PLN,Blandit.png,1
519,Cirstoforo,Kehir,26-08-1986,ckehiree@examiner.com,93.12.26.182,Greenlam,7967PLN,Amet.ppt,1
520,Rosy,Center,07-01-1986,rcenteref@state.gov,74.250.243.249,Job,36626PLN,SedAccumsan.xls,1
521,Gardy,Lilywhite,18-05-1985,glilywhiteeg@cnn.com,126.6.27.86,Andalax,8008PLN,Ac.xls,1
522,Nalani,Steer,15-02-1997,nsteereh@hatena.ne.jp,95.65.10.116,Matsoft,29696PLN,SitAmetErat.xls,0
523,Gallard,Osmon,18-04-1994,gosmonei@who.int,8.18.196.161,Daltfresh,48516PLN,BlanditNam.jpeg,1
524,Bud,Bellows,20-06-1988,bbellowsej@auda.org.au,98.118.233.171,Andalax,34192PLN,Ornare.mp3,0
525,Bailie,Suttie,02-12-1999,bsuttieek@nasa.gov,0.239.142.221,Bitchip,7831PLN,Scelerisque.avi,0
526,Wyatt,Rothery,27-12-1987,wrotheryel@nydailynews.com,206.70.144.61,Duobam,44092PLN,AugueLuctusTincidunt.mp3,1
527,Shana,Hoodless,07-02-1993,shoodlessem@bandcamp.com,143.240.31.226,Sonair,48396PLN,OdioIn.avi,1
528,Marcy,Johansen,16-04-1985,mjohansenen@usatoday.com,239.163.196.186,Tampflex,9988PLN,PorttitorPedeJusto.xls,1
529,Vinny,Hundy,30-05-1981,vhundyeo@discuz.net,118.97.96.124,Cookley,31560PLN,HabitassePlatea.mp3,0
530,Levon,Mynard,06-05-1981,lmynardep@psu.edu,118.215.126.150,Otcom,48567PLN,CubiliaCuraeDuis.png,0
531,Estelle,Magenny,24-06-1988,emagennyeq@oaic.gov.au,49.117.134.121,Treeflex,44936PLN,SitAmet.gif,1
532,Forest,Gorce,09-06-1990,fgorceer@stanford.edu,82.105.143.34,Voltsillam,17891PLN,Ultrices.xls,0
533,Helyn,Bullar,26-12-1999,hbullares@zimbio.com,178.220.11.155,Y-Solowarm,38708PLN,LeoRhoncusSed.ppt,1
534,Ardisj,Vinau,25-01-1996,avinauet@nature.com,95.195.27.112,Zaam-Dox,32535PLN,VelDapibusAt.mpeg,0
535,Derrick,Moakes,01-08-1987,dmoakeseu@twitpic.com,153.138.68.119,Alpha,46957PLN,IdPretium.gif,1
536,Kordula,Gloy,02-10-1991,kgloyev@zimbio.com,39.173.170.190,Rank,43388PLN,Pede.mp3,1
537,Lazar,Rigg,24-10-1988,lriggew@dot.gov,119.193.51.10,Regrant,45313PLN,MorbiA.gif,1
538,Trudi,Leschelle,01-04-1980,tleschelleex@telegraph.co.uk,59.167.73.250,Tempsoft,7820PLN,Cras.ppt,1
539,Stephanus,Cescotti,04-07-1986,scescottiey@theglobeandmail.com,125.60.231.75,Fix San,18526PLN,UtErat.ppt,1
540,Zed,Cornall,10-01-1997,zcornallez@devhub.com,25.150.110.246,It,49756PLN,Vivamus.mpeg,0
541,Fidole,Coldridge,08-05-1991,fcoldridgef0@umich.edu,154.122.53.68,Span,23082PLN,EstCongueElementum.ppt,1
542,Hastings,Touret,15-09-1987,htouretf1@ucsd.edu,22.211.210.7,Stringtough,11033PLN,Viverra.jpeg,1
543,Cami,O'Heagertie,13-08-1988,coheagertief2@amazon.co.uk,194.85.168.30,Asoka,22995PLN,CondimentumCurabitur.mp3,0
544,Christyna,Redler,18-12-1994,credlerf3@sciencedaily.com,0.220.124.115,Bamity,28965PLN,BibendumMorbi.ppt,0
545,Charmain,Odegaard,24-03-1986,codegaardf4@yale.edu,146.95.115.68,Solarbreeze,42391PLN,MolestieNibh.xls,1
546,Free,Secrett,17-01-1987,fsecrettf5@un.org,88.22.20.228,Mat Lam Tam,11926PLN,Mauris.pdf,1
547,Franchot,Van der Krui,08-04-1989,fvanderkruif6@163.com,229.189.80.193,Fix San,24409PLN,Sapien.ppt,1
548,Hillel,Bergeon,03-04-1997,hbergeonf7@springer.com,190.56.138.78,Overhold,47534PLN,Sagittis.jpeg,1
549,Wood,Dadd,31-10-1993,wdaddf8@php.net,233.236.63.64,Bitwolf,41878PLN,IdNulla.jpeg,1
550,Moss,Gaye,27-11-1987,mgayef9@hc360.com,138.86.185.100,Voyatouch,28308PLN,Adipiscing.jpeg,1
551,Conney,Stanley,10-04-1998,cstanleyfa@shop-pro.jp,14.224.38.68,Asoka,16159PLN,ElitAc.txt,1
552,Geordie,Rowe,18-03-1981,growefb@thetimes.co.uk,178.3.78.185,Mat Lam Tam,47040PLN,UtMassaQuis.gif,0
553,Eugen,Elloway,04-10-1991,eellowayfc@sakura.ne.jp,63.110.136.240,Domainer,20863PLN,RisusPraesent.avi,1
554,Rycca,Verdie,17-03-1990,rverdiefd@goo.gl,195.110.52.174,Lotstring,17711PLN,Enim.avi,0
555,Dominique,Wildey,06-10-1991,dwildeyfe@youtu.be,60.135.15.113,Asoka,26312PLN,VivamusVel.tiff,1
556,Brewer,Duckham,27-10-1990,bduckhamff@upenn.edu,59.91.110.52,Sonsing,7531PLN,Porttitor.gif,1
557,Calvin,Gadd,29-05-1980,cgaddfg@skype.com,220.88.241.123,Sonsing,46550PLN,UtMassa.tiff,1
558,Der,Merkel,06-03-1992,dmerkelfh@go.com,201.55.223.178,Otcom,14091PLN,Fringilla.avi,1
559,Tiebold,Girodin,29-01-1984,tgirodinfi@behance.net,231.164.20.155,Greenlam,24941PLN,A.mp3,1
560,Cece,Antonowicz,06-10-1985,cantonowiczfj@xinhuanet.com,235.90.242.105,Pannier,32287PLN,SitAmetDiam.pdf,0
561,Rosamund,Bartunek,14-03-1997,rbartunekfk@reverbnation.com,142.33.43.199,Alpha,26673PLN,Nisl.mpeg,1
562,Reidar,Slemming,01-11-1992,rslemmingfl@microsoft.com,157.91.160.98,Job,8716PLN,PellentesqueEgetNunc.xls,0
563,Virgie,Roycroft,23-06-1981,vroycroftfm@npr.org,46.136.48.81,Overhold,42986PLN,Cras.doc,1
564,Lorenza,Aartsen,13-08-1985,laartsenfn@booking.com,214.124.148.62,Holdlamis,39352PLN,QuisLiberoNullam.xls,0
565,Ulrich,Ayer,27-05-1982,uayerfo@vimeo.com,84.158.86.174,Cookley,27775PLN,OrciLuctusEt.avi,0
566,Roxane,Guly,08-06-1990,rgulyfp@unc.edu,247.141.253.9,Cardguard,20513PLN,Potenti.mov,1
567,Skip,Accum,15-09-1997,saccumfq@acquirethisname.com,117.32.10.13,Y-Solowarm,22682PLN,SapienIaculis.ppt,1
568,Syd,Fido,17-02-1994,sfidofr@amazonaws.com,72.210.19.236,Ronstring,35642PLN,Ut.mpeg,0
569,Laverna,O' Mullane,17-05-1984,lomullanefs@jigsy.com,255.199.212.211,Otcom,25905PLN,InHac.ppt,0
570,Chauncey,Venney,31-08-1983,cvenneyft@disqus.com,247.171.228.181,Treeflex,12005PLN,AmetEros.mp3,1
571,Zachary,Facher,16-08-1986,zfacherfu@xinhuanet.com,57.193.88.133,Daltfresh,39962PLN,Purus.mp3,0
572,Antoine,Dumsday,21-01-1996,adumsdayfv@answers.com,227.131.166.176,Pannier,19662PLN,UtRhoncus.xls,1
573,Ebba,Meldrum,04-07-1982,emeldrumfw@marriott.com,176.124.255.18,Alphazap,28646PLN,EtiamPretium.avi,1
574,Delia,Okenden,05-10-1988,dokendenfx@sciencedirect.com,61.92.232.181,Pannier,39240PLN,LuctusTinciduntNulla.mp3,1
575,Mirabella,Albion,21-06-1992,malbionfy@mail.ru,83.7.1.61,Mat Lam Tam,27569PLN,MassaId.avi,0
576,Tiffi,Gaffer,18-12-1995,tgafferfz@cdc.gov,171.73.44.58,Zaam-Dox,41742PLN,EratCurabiturGravida.ppt,0
577,Mair,Ugo,06-06-1996,mugog0@icio.us,207.157.121.42,Sonair,47816PLN,Sed.avi,0
578,Branden,Ranshaw,05-09-1992,branshawg1@spotify.com,51.131.65.73,Tampflex,20711PLN,InPorttitorPede.avi,1
579,Michele,Gowanlock,07-10-1984,mgowanlockg2@unblog.fr,185.109.105.54,Sonair,29644PLN,VulputateUt.jpeg,1
580,Friedrich,Birkin,05-09-1999,fbirking3@gizmodo.com,222.132.101.216,Alpha,9690PLN,Aliquet.xls,1
581,Dasha,Boutellier,15-07-1984,dboutellierg4@narod.ru,153.184.65.234,Duobam,8397PLN,Erat.png,0
582,Isobel,Tresvina,08-02-1998,itresvinag5@sakura.ne.jp,213.203.161.162,Stronghold,8241PLN,CursusId.ppt,1
583,Rene,Benit,27-06-1983,rbenitg6@phoca.cz,216.19.232.10,Bitchip,29167PLN,DolorQuisOdio.mpeg,1
584,Wes,Pennick,17-08-1989,wpennickg7@w3.org,94.196.138.172,Zontrax,25843PLN,ProinInterdum.mp3,1
585,Artur,Wray,24-02-1982,awrayg8@icio.us,58.41.163.75,Bytecard,22621PLN,UtSuscipitA.avi,1
586,Maxi,Braunton,05-11-1982,mbrauntong9@tuttocitta.it,76.97.147.61,Home Ing,23033PLN,AliquetPulvinarSed.jpeg,1
587,Cathrine,Shinn,18-09-1998,cshinnga@pcworld.com,231.1.192.237,Job,20397PLN,ConvallisEget.mov,1
588,Fitz,Meynell,06-11-1999,fmeynellgb@slate.com,116.86.191.85,Stim,31200PLN,SitAmet.jpeg,0
589,Binky,Brixey,06-01-1990,bbrixeygc@paypal.com,49.6.147.10,Domainer,46351PLN,PellentesqueVolutpat.ppt,0
590,Letti,Hadfield,16-07-1990,lhadfieldgd@washingtonpost.com,203.122.238.95,Regrant,47523PLN,Pulvinar.png,1
591,Bevvy,Sudlow,11-05-1983,bsudlowge@163.com,98.244.102.205,Hatity,9083PLN,LectusInQuam.mp3,1
592,Di,Couttes,04-07-1980,dcouttesgf@delicious.com,55.41.49.192,Keylex,38161PLN,Sed.ppt,1
593,Gerrard,Liebermann,07-01-1998,gliebermanngg@ustream.tv,151.186.253.108,Quo Lux,22911PLN,SapienSapien.avi,0
594,Rafael,Bertelsen,12-05-1997,rbertelsengh@yelp.com,235.185.135.73,Tampflex,15923PLN,DolorVel.jpeg,1
595,Gretal,Chardin,28-10-1995,gchardingi@hugedomains.com,159.141.142.62,Bamity,13283PLN,IdMaurisVulputate.gif,0
596,Connie,Boichat,29-08-1983,cboichatgj@blinklist.com,205.64.64.254,Zamit,45456PLN,IntegerANibh.mp3,1
597,Riobard,Price,25-04-1980,rpricegk@disqus.com,133.205.10.0,Job,16816PLN,OrciLuctus.png,1
598,Alvera,Ornells,12-09-1984,aornellsgl@e-recht24.de,138.71.214.136,Overhold,33544PLN,Elit.mp3,0
599,Lane,Simonetto,12-03-1995,lsimonettogm@amazon.co.uk,172.241.75.46,Transcof,30565PLN,TurpisElementum.ppt,0
600,Asia,Apthorpe,30-06-1997,aapthorpegn@pagesperso-orange.fr,175.0.99.161,Bitchip,44494PLN,OrciLuctusEt.mp3,1
601,Isidor,Rigney,02-11-1991,irigneygo@senate.gov,36.87.187.210,Flowdesk,7615PLN,Turpis.jpeg,1
602,Willy,Lupton,29-10-1999,wluptongp@forbes.com,243.240.147.79,Tampflex,49924PLN,CurabiturInLibero.avi,0
603,Brien,Goning,12-01-1987,bgoninggq@blog.com,168.64.206.29,Sub-Ex,33267PLN,InBlanditUltrices.txt,0
604,Rosanna,Finlry,22-11-1994,rfinlrygr@feedburner.com,127.47.207.207,Zoolab,6222PLN,EnimSit.png,1
605,Vanna,Clineck,29-01-1992,vclineckgs@cocolog-nifty.com,9.234.112.227,Flowdesk,20693PLN,RhoncusDui.tiff,0
606,Josi,Cockling,05-11-1986,jcocklinggt@zdnet.com,170.151.34.242,Home Ing,7559PLN,DapibusDuisAt.avi,1
607,Dewey,Gaffer,21-10-1998,dgaffergu@friendfeed.com,189.59.56.172,Tempsoft,44676PLN,VulputateLuctusCum.ppt,1
608,Emilee,Sushams,07-07-1991,esushamsgv@altervista.org,204.237.190.137,Bitchip,47662PLN,DolorMorbiVel.doc,0
609,Waldemar,Goldbourn,25-06-1981,wgoldbourngw@opera.com,54.221.143.227,Aerified,32658PLN,Nec.ppt,0
610,Bill,Brisseau,11-07-1982,bbrisseaugx@reference.com,247.89.220.150,Hatity,9728PLN,JustoIn.mp3,1
611,Dav,De Wolfe,01-07-1984,ddewolfegy@cnbc.com,28.82.54.225,Transcof,28793PLN,NonummyMaecenasTincidunt.txt,0
612,Rayna,Clissell,12-07-1985,rclissellgz@pagesperso-orange.fr,197.68.72.65,Vagram,12057PLN,Hac.tiff,1
613,Germaine,Cannings,04-05-1998,gcanningsh0@baidu.com,99.224.155.139,Zaam-Dox,28841PLN,DictumstAliquam.mpeg,1
614,Ashton,Whibley,27-03-1986,awhibleyh1@chron.com,195.247.170.137,Lotlux,30687PLN,NullaNislNunc.ppt,0
615,Mikol,Blest,03-09-1987,mblesth2@drupal.org,79.197.95.134,Otcom,42971PLN,CubiliaCurae.pdf,1
616,Aida,Fernan,22-05-1993,afernanh3@istockphoto.com,112.57.155.8,Domainer,38783PLN,Nisi.mp3,1
617,Barrie,Frowd,21-09-1999,bfrowdh4@hatena.ne.jp,34.191.248.254,Flowdesk,48355PLN,Lobortis.mp3,0
618,Ron,Seage,24-07-1983,rseageh5@un.org,147.253.108.137,Hatity,39048PLN,AugueAliquamErat.xls,0
619,Perkin,Byron,05-09-1998,pbyronh6@pbs.org,4.82.61.219,Konklux,47976PLN,OdioOdio.xls,1
620,Flore,Plover,22-04-1985,fploverh7@tripod.com,239.196.53.9,Toughjoyfax,29274PLN,Augue.ppt,1
621,Allistir,Farrer,05-05-1995,afarrerh8@gnu.org,150.95.236.48,Treeflex,47837PLN,MorbiAIpsum.doc,0
622,Georgeta,Bleby,14-11-1980,gblebyh9@gnu.org,208.251.172.64,Redhold,33424PLN,DuiLuctus.avi,0
623,Thomasin,Dutson,27-01-1986,tdutsonha@desdev.cn,56.85.139.63,Quo Lux,17578PLN,Interdum.ppt,0
624,Zilvia,Shepley,28-12-1996,zshepleyhb@tiny.cc,38.108.254.56,Flexidy,28410PLN,TristiqueEstEt.tiff,0
625,Andie,Orknay,04-01-1983,aorknayhc@histats.com,160.39.18.255,Bigtax,20733PLN,Vel.mp3,0
626,Gal,Meredith,01-08-1987,gmeredithhd@smh.com.au,95.131.32.101,Veribet,7398PLN,RutrumRutrumNeque.mp3,0
627,Shea,Beauvais,23-04-1980,sbeauvaishe@mac.com,150.181.166.72,Greenlam,5962PLN,Donec.mp3,1
628,Leontyne,McEllen,15-09-1982,lmcellenhf@eepurl.com,172.154.99.205,Redhold,14056PLN,MattisPulvinar.mpeg,0
629,Florri,Cossar,14-12-1982,fcossarhg@nhs.uk,160.108.237.139,Fixflex,37758PLN,Dolor.ppt,0
630,Vernice,Klamp,11-05-1989,vklamphh@themeforest.net,33.174.165.226,Temp,21551PLN,Fusce.avi,0
631,Wynne,Hazelby,11-03-1988,whazelbyhi@ca.gov,192.218.102.72,Hatity,39370PLN,AtVelit.gif,1
632,Karlotta,Chattaway,16-01-1991,kchattawayhj@merriam-webster.com,58.236.221.29,Cardguard,34732PLN,NullaSed.avi,0
633,Clovis,Waddicor,05-07-1987,cwaddicorhk@shop-pro.jp,249.251.241.186,Fintone,26677PLN,MagnisDis.ppt,1
634,Ileana,Lindenstrauss,02-11-1991,ilindenstrausshl@engadget.com,118.238.70.69,Zaam-Dox,9200PLN,LectusInQuam.mp3,0
635,Tonie,Goodbarne,26-06-1990,tgoodbarnehm@blogger.com,73.146.37.95,Fintone,10615PLN,SollicitudinVitae.png,0
636,Beale,Bredgeland,06-01-1995,bbredgelandhn@merriam-webster.com,168.216.242.49,Toughjoyfax,24944PLN,MaecenasUtMassa.xls,1
637,Brear,Underdown,19-10-1996,bunderdownho@economist.com,136.52.31.210,Cardguard,43599PLN,JustoAliquam.ppt,0
638,Chrysler,Phillps,15-06-1986,cphillpshp@surveymonkey.com,171.15.126.215,Matsoft,47149PLN,LaciniaEratVestibulum.xls,1
639,Arturo,Roullier,12-01-1992,aroullierhq@digg.com,199.121.125.146,Stronghold,40623PLN,Sapien.mov,1
640,Agnesse,Spon,13-08-1986,asponhr@slate.com,185.236.9.116,Hatity,12540PLN,EgetTincidunt.ppt,0
641,Hastings,Kibbee,09-12-1989,hkibbeehs@springer.com,81.0.162.161,Otcom,14928PLN,Erat.mov,1
642,Shandie,Basset,29-05-1982,sbassetht@google.com.au,24.177.180.7,Duobam,41317PLN,In.mpeg,0
643,Sianna,Burgise,18-06-1990,sburgisehu@jalbum.net,47.65.33.134,Cardguard,18246PLN,MattisPulvinarNulla.tiff,1
644,Hedwiga,Ledster,18-03-1987,hledsterhv@bigcartel.com,83.87.127.158,Subin,49820PLN,QuamPharetraMagna.xls,0
645,Devin,Waind,14-10-1984,dwaindhw@vkontakte.ru,31.65.118.97,Solarbreeze,30881PLN,Volutpat.mpeg,1
646,Vergil,Readman,04-02-1995,vreadmanhx@deliciousdays.com,174.35.193.5,Sonair,32921PLN,IaculisJusto.doc,0
647,Lyell,Winward,15-03-1985,lwinwardhy@github.io,172.123.53.150,Andalax,37017PLN,DuisFaucibusAccumsan.doc,0
648,Ediva,Lofty,24-11-1990,eloftyhz@csmonitor.com,89.87.27.249,Treeflex,49892PLN,MorbiVestibulumVelit.tiff,0
649,Maryjo,McMurrugh,02-12-1994,mmcmurrughi0@tuttocitta.it,13.220.30.248,Trippledex,7174PLN,ConsequatIn.mp3,1
650,Koralle,Brunke,14-12-1994,kbrunkei1@netscape.com,102.249.16.27,Stringtough,44780PLN,Condimentum.doc,0
651,Meyer,Spread,17-01-1990,mspreadi2@ucsd.edu,200.196.208.137,Zaam-Dox,20772PLN,LuctusEtUltrices.ppt,0
652,Leeann,Klich,24-05-1989,lklichi3@psu.edu,226.132.212.53,Y-find,36288PLN,Porta.pdf,1
653,Xena,Brodeur,10-08-1995,xbrodeuri4@telegraph.co.uk,210.213.233.26,Overhold,47765PLN,AugueASuscipit.tiff,1
654,Ivar,Moneti,11-11-1990,imonetii5@nydailynews.com,140.226.255.243,Ventosanzap,44675PLN,Cras.ppt,1
655,Carmella,Fligg,12-06-1995,cfliggi6@wordpress.org,140.233.159.156,Rank,38586PLN,Lorem.mp3,1
656,Husein,Borth,04-06-1981,hborthi7@spotify.com,253.245.72.12,Konklab,46853PLN,ConsequatMetusSapien.avi,1
657,Dottie,Walklot,09-02-1987,dwalkloti8@fotki.com,66.244.155.47,Wrapsafe,24535PLN,NecSem.xls,1
658,Jaimie,Matyushenko,19-03-1986,jmatyushenkoi9@purevolume.com,18.184.78.196,Solarbreeze,31138PLN,LuctusUltricies.ppt,1
659,Mikaela,Rapley,17-10-1995,mrapleyia@1688.com,147.229.46.156,Span,33522PLN,DonecOdio.avi,1
660,Opalina,Dufaur,17-08-1990,odufaurib@census.gov,54.44.244.125,Home Ing,14690PLN,Turpis.jpeg,1
661,Inga,Fearnley,11-03-1989,ifearnleyic@reverbnation.com,253.160.60.97,Tresom,49494PLN,Vel.ppt,1
662,Mathilde,Botwright,26-10-1997,mbotwrightid@example.com,63.223.130.44,Alpha,12627PLN,Ultrices.avi,0
663,Mahmud,Jacquet,26-09-1982,mjacquetie@upenn.edu,15.3.159.137,Alphazap,33551PLN,VestibulumProinEu.jpeg,0
664,Darcy,Shillabeer,15-09-1997,dshillabeerif@odnoklassniki.ru,207.246.229.138,Opela,49546PLN,RidiculusMus.png,1
665,Raimund,Hulance,24-01-1989,rhulanceig@hatena.ne.jp,53.235.66.56,Toughjoyfax,34116PLN,SemperSapien.xls,0
666,Barnabas,Bangs,12-12-1992,bbangsih@networksolutions.com,129.196.192.172,It,39086PLN,Scelerisque.pdf,1
667,Jude,Aitcheson,20-12-1990,jaitchesonii@vkontakte.ru,7.68.191.178,Y-find,13627PLN,UtErat.mp3,0
668,Rita,Sanderson,04-08-1991,rsandersonij@seattletimes.com,142.201.157.115,Domainer,18122PLN,MetusVitaeIpsum.png,1
669,Gunner,Mollon,12-01-1985,gmollonik@wikispaces.com,153.245.172.75,Namfix,43142PLN,OdioConsequat.ppt,1
670,Kelbee,Kenwyn,19-01-1986,kkenwynil@bigcartel.com,128.33.70.16,Alpha,18997PLN,Aenean.avi,0
671,Nathaniel,Mc Giffin,17-09-1991,nmcgiffinim@eepurl.com,109.136.225.250,It,11406PLN,InTemporTurpis.txt,1
672,Silvanus,Slader,12-11-1987,ssladerin@kickstarter.com,25.100.251.227,Alpha,32081PLN,PedeMorbiPorttitor.xls,0
673,Kayla,Robshaw,04-04-1994,krobshawio@comcast.net,240.11.59.216,Bamity,29722PLN,TempusSitAmet.mp3,0
674,Sunny,Hugk,12-07-1988,shugkip@vk.com,173.82.24.40,Domainer,7412PLN,VelAugueVestibulum.png,1
675,Duke,Vlasenkov,24-09-1993,dvlasenkoviq@chron.com,149.187.251.150,Bitwolf,12844PLN,Pretium.pdf,0
676,Shem,MacAllen,26-08-1999,smacallenir@com.com,143.101.68.159,Mat Lam Tam,45151PLN,SapienIaculis.mov,1
677,Leanna,Hanretty,14-09-1995,lhanrettyis@symantec.com,227.221.34.78,Hatity,20714PLN,Justo.xls,1
678,Ellswerth,Ayrton,14-08-1992,eayrtonit@gnu.org,2.177.239.227,Gembucket,20775PLN,Tortor.gif,0
679,Nappie,Flancinbaum,25-07-1996,nflancinbaumiu@i2i.jp,223.62.248.213,Mat Lam Tam,47544PLN,NonMiInteger.mp3,0
680,Dennis,MacKill,24-10-1995,dmackilliv@gravatar.com,33.245.160.253,Biodex,44865PLN,NonVelit.ppt,1
681,Kelsi,Perceval,27-11-1993,kpercevaliw@about.com,74.9.206.156,Namfix,22273PLN,DiamVitaeQuam.mp3,1
682,Jannel,Dugood,07-06-1999,jdugoodix@google.es,95.250.105.198,Greenlam,5303PLN,MorbiUt.avi,0
683,Germain,Hawkey,21-06-1982,ghawkeyiy@google.de,38.249.138.91,Mat Lam Tam,29348PLN,Laoreet.mp3,1
684,Esmeralda,Harnor,18-10-1990,eharnoriz@elpais.com,239.23.228.227,Rank,48415PLN,Blandit.xls,0
685,Hadrian,Voce,11-12-1997,hvocej0@arizona.edu,116.93.215.216,Andalax,46845PLN,VenenatisLacinia.doc,1
686,Bart,Seal,10-09-1991,bsealj1@phpbb.com,238.151.216.48,Andalax,25538PLN,VulputateJustoIn.mp3,0
687,Susie,Cochran,08-11-1990,scochranj2@tmall.com,87.241.3.182,Voyatouch,26654PLN,EratErosViverra.xls,0
688,Elroy,Hehl,06-07-1993,ehehlj3@t-online.de,75.140.154.169,Y-Solowarm,8312PLN,Quam.avi,0
689,Dyanna,Sampey,03-11-1999,dsampeyj4@dropbox.com,63.92.227.73,Fixflex,11609PLN,Orci.avi,0
690,Courtney,Parkhouse,26-03-1987,cparkhousej5@imdb.com,221.127.203.240,Transcof,5629PLN,NuncViverra.xls,1
691,Tally,Broomhall,13-01-1991,tbroomhallj6@pcworld.com,200.91.158.240,Quo Lux,26444PLN,Vel.mpeg,0
692,Pennie,Treffrey,06-09-1983,ptreffreyj7@shinystat.com,166.140.226.85,Tres-Zap,25524PLN,At.mp3,0
693,Kate,Hyde-Chambers,12-07-1991,khydechambersj8@nymag.com,82.89.52.60,Stim,32933PLN,EratErosViverra.mpeg,0
694,Perren,Forrester,10-05-1995,pforresterj9@umich.edu,124.82.135.132,Holdlamis,5554PLN,Nibh.png,0
695,Kira,Swalwel,25-09-1991,kswalwelja@com.com,168.178.23.213,Tampflex,33540PLN,NecEuismod.avi,1
696,Jelene,Ladbrook,23-07-1988,jladbrookjb@usa.gov,39.249.18.179,Keylex,41901PLN,MiInteger.avi,1
697,Creight,Brocking,06-11-1988,cbrockingjc@huffingtonpost.com,143.58.42.219,Temp,5273PLN,FeugiatEt.jpeg,1
698,Griz,Dinnington,02-10-1987,gdinningtonjd@acquirethisname.com,105.218.58.118,Biodex,45108PLN,Curae.doc,0
699,Myca,Smidmor,17-03-1982,msmidmorje@bizjournals.com,11.1.132.193,Bitwolf,5726PLN,Hac.mp3,1
700,Justen,Jeffryes,29-02-1996,jjeffryesjf@nba.com,158.65.224.233,Regrant,34962PLN,VolutpatInCongue.tiff,1
701,Jacquenette,Sondon,27-08-1999,jsondonjg@yelp.com,29.148.41.246,Zontrax,36235PLN,Pretium.ppt,0
702,Truman,Haselhurst,15-03-1992,thaselhurstjh@furl.net,244.214.229.208,Veribet,28426PLN,Morbi.mov,0
703,Barbabas,Humblestone,07-09-1991,bhumblestoneji@moonfruit.com,165.205.104.131,Treeflex,20034PLN,IntegerNon.xls,0
704,Earle,Marcussen,25-06-1998,emarcussenjj@posterous.com,19.16.0.86,Alpha,25583PLN,AtVelitEu.tiff,1
705,Bryn,Briars,12-07-1980,bbriarsjk@google.de,192.253.149.179,Regrant,12379PLN,Et.gif,0
706,Markos,Lochead,22-07-1991,mlocheadjl@360.cn,249.208.34.6,Temp,17313PLN,PharetraMagnaVestibulum.ppt,1
707,Dean,Clapton,31-12-1990,dclaptonjm@opensource.org,232.201.234.202,Transcof,44711PLN,Sit.ppt,0
708,Glennis,McKeighan,28-03-1992,gmckeighanjn@harvard.edu,96.173.142.78,Y-Solowarm,23441PLN,NullamMolestieNibh.tiff,1
709,Yorgo,Sidden,20-10-1985,ysiddenjo@nydailynews.com,108.185.35.223,Wrapsafe,8940PLN,Facilisi.mp3,0
710,Shell,Arents,07-11-1999,sarentsjp@ifeng.com,202.24.74.34,Quo Lux,44999PLN,MorbiVestibulumVelit.tiff,1
711,Hadria,Strattan,29-05-1994,hstrattanjq@elegantthemes.com,229.193.51.60,Home Ing,40167PLN,EtUltricesPosuere.avi,0
712,Vivyan,Espina,30-10-1991,vespinajr@illinois.edu,103.241.61.162,Hatity,46615PLN,Curabitur.tiff,0
713,Berta,Alu,28-06-1983,balujs@uiuc.edu,156.89.217.97,Overhold,30411PLN,Volutpat.avi,0
714,Marjory,Spilsted,03-09-1998,mspilstedjt@comsenz.com,255.69.132.37,Voltsillam,45002PLN,Libero.ppt,0
715,Penny,Hanlon,02-01-1984,phanlonju@artisteer.com,145.36.252.208,Cardify,8008PLN,UtUltrices.ppt,0
716,Cy,Breach,28-06-1992,cbreachjv@alibaba.com,238.179.203.160,Fintone,42509PLN,DonecPosuereMetus.xls,1
717,Garik,Jeffs,26-12-1986,gjeffsjw@technorati.com,44.142.204.32,It,28710PLN,VelitIdPretium.mpeg,0
718,Arturo,Tizard,21-04-1997,atizardjx@ucsd.edu,36.131.189.199,Matsoft,48437PLN,PellentesqueQuisque.mp3,0
719,Adolf,Beard,29-11-1993,abeardjy@sbwire.com,28.197.231.159,Voyatouch,47326PLN,SuscipitLigula.mp3,1
720,Janenna,Ratcliff,30-08-1982,jratcliffjz@plala.or.jp,68.20.88.154,Subin,22875PLN,Sodales.mov,1
721,Hanny,Hendricks,03-03-1981,hhendricksk0@soundcloud.com,248.85.210.89,Toughjoyfax,22748PLN,LiberoNam.xls,1
722,Kelcey,Fuster,04-03-1993,kfusterk1@naver.com,213.27.64.10,Bamity,20511PLN,TristiqueFusceCongue.doc,1
723,Sisile,Shillum,11-07-1985,sshillumk2@miibeian.gov.cn,146.190.135.64,Fintone,42020PLN,In.mp3,0
724,Thorsten,Whithalgh,24-03-1981,twhithalghk3@usda.gov,5.60.148.20,Domainer,41265PLN,JustoEu.avi,0
725,Brett,Brogan,07-03-1983,bbrogank4@auda.org.au,242.14.33.69,Lotstring,11730PLN,Bibendum.jpeg,0
726,Wittie,Avis,04-08-1989,wavisk5@sakura.ne.jp,156.109.164.218,Greenlam,11389PLN,CubiliaCurae.xls,1
727,Pincus,Kuhle,22-06-1992,pkuhlek6@qq.com,67.163.202.76,Cardguard,49631PLN,Curabitur.avi,0
728,Bryna,Ogger,31-07-1998,boggerk7@psu.edu,90.221.17.11,Zathin,9685PLN,MattisOdioDonec.ppt,0
729,Karleen,Rase,13-10-1996,krasek8@craigslist.org,104.112.27.249,Greenlam,16859PLN,NullaFacilisiCras.ppt,1
730,Anstice,Chardin,16-10-1996,achardink9@geocities.com,140.201.42.167,Subin,47942PLN,Dignissim.mp3,0
731,Harrietta,McAneny,10-04-1997,hmcanenyka@thetimes.co.uk,178.150.168.13,Kanlam,38610PLN,Volutpat.doc,0
732,Parnell,Sparkes,23-05-1985,psparkeskb@dell.com,33.149.63.245,Quo Lux,40366PLN,Accumsan.jpeg,1
733,Carolina,Neillans,23-06-1980,cneillanskc@theatlantic.com,212.41.45.35,Cardify,19940PLN,Morbi.ppt,1
734,Modesta,Dunnico,08-06-1982,mdunnicokd@meetup.com,65.103.79.252,Toughjoyfax,40831PLN,PraesentBlandit.txt,0
735,Casandra,Patria,15-06-1982,cpatriake@mit.edu,145.240.116.102,Solarbreeze,43994PLN,SedNisl.avi,1
736,Darrick,Ashleigh,08-06-1983,dashleighkf@discovery.com,165.57.210.213,Mat Lam Tam,7560PLN,SitAmetTurpis.xls,1
737,Pete,Campion,14-08-1999,pcampionkg@walmart.com,209.168.200.89,Bytecard,37584PLN,MaurisUllamcorper.mp3,1
738,Hermione,Saltman,20-11-1981,hsaltmankh@bandcamp.com,32.86.44.63,Y-find,47391PLN,AnteNullaJusto.tiff,0
739,Thomasa,Andreotti,24-05-1982,tandreottiki@narod.ru,79.230.160.94,Sonair,47814PLN,Luctus.ppt,1
740,Rozanne,Boadby,01-01-1999,rboadbykj@dot.gov,157.72.167.29,Cookley,45008PLN,AliquamLacus.ppt,0
741,Kristen,Physic,02-10-1986,kphysickk@tinypic.com,84.226.161.254,Sonair,46619PLN,NullaMollis.pdf,1
742,Sax,Weymouth,30-05-1996,sweymouthkl@indiatimes.com,101.212.153.3,Viva,6756PLN,QuisLectus.mp3,0
743,Sandy,Peascod,18-08-1999,speascodkm@squarespace.com,182.132.163.63,Zoolab,38272PLN,At.mp3,1
744,Janifer,Dilawey,22-02-1987,jdilaweykn@europa.eu,23.51.171.11,Alphazap,48124PLN,Amet.tiff,0
745,Dierdre,Chisholm,18-06-1981,dchisholmko@mozilla.com,193.225.176.19,Holdlamis,35794PLN,NuncDonecQuis.ppt,0
746,Ardenia,MacBarron,06-08-1986,amacbarronkp@bigcartel.com,166.156.174.159,Ventosanzap,15810PLN,FaucibusOrci.mp3,1
747,Rozina,Cluff,28-06-1986,rcluffkq@intel.com,67.58.197.183,Flowdesk,37331PLN,AtNullaSuspendisse.mp3,0
748,Chlo,De la Perrelle,17-07-1988,cdelaperrellekr@nbcnews.com,174.184.108.150,Gembucket,49494PLN,Ultrices.mp3,1
749,Garnette,Murkin,18-09-1996,gmurkinks@nhs.uk,128.223.45.18,Latlux,27614PLN,JustoSit.mpeg,1
750,Wilow,Gifford,18-07-1981,wgiffordkt@instagram.com,117.35.16.35,Pannier,18607PLN,Eu.txt,0
751,Chase,Leverson,07-01-1989,cleversonku@weather.com,15.242.48.112,Fixflex,47806PLN,Vel.tiff,0
752,Nicoline,Gurden,27-06-1987,ngurdenkv@smugmug.com,66.145.67.3,Bamity,35089PLN,Consequat.txt,1
753,Sheelagh,Maulkin,08-06-1998,smaulkinkw@aol.com,36.122.167.106,Sonair,17160PLN,Lobortis.mp3,1
754,Salaidh,Fort,14-08-1981,sfortkx@paypal.com,160.145.150.227,Bamity,8530PLN,NullaNisl.xls,0
755,Chere,Cattermoul,22-06-1997,ccattermoulky@topsy.com,69.87.254.249,Opela,40788PLN,Tempus.xls,0
756,Grady,Gribben,08-09-1980,ggribbenkz@globo.com,174.78.108.57,Veribet,44167PLN,OrnareConsequatLectus.gif,0
757,Anders,Sach,07-02-1986,asachl0@cnn.com,115.140.205.211,Cardguard,26827PLN,CommodoVulputate.mov,1
758,Avrom,de Verson,23-04-1996,adeversonl1@phoca.cz,201.127.19.13,Biodex,30993PLN,AcNulla.tiff,0
759,Gael,Bracci,18-05-1996,gbraccil2@tmall.com,76.103.82.166,Transcof,8343PLN,Nulla.pdf,1
760,Boigie,Barchrameev,10-01-1982,bbarchrameevl3@seesaa.net,62.235.246.176,Quo Lux,42732PLN,TempusSitAmet.mpeg,1
761,Grantham,Bothwell,01-08-1981,gbothwelll4@mozilla.org,207.117.72.77,Hatity,36278PLN,PhasellusSitAmet.ppt,1
762,Lemmy,Duligal,21-01-1985,lduligall5@ycombinator.com,201.32.249.48,Kanlam,47218PLN,EratTortorSollicitudin.xls,0
763,Leontine,Paulley,03-06-1993,lpaulleyl6@merriam-webster.com,61.66.238.106,Domainer,7480PLN,Condimentum.xls,1
764,Eddi,Stellin,26-02-1982,estellinl7@marriott.com,142.145.220.127,Transcof,29480PLN,Nisl.ppt,0
765,Rennie,Woolveridge,23-07-1999,rwoolveridgel8@mapquest.com,71.180.41.205,Tresom,13408PLN,Lobortis.xls,0
766,Maryjo,Livingstone,22-05-1981,mlivingstonel9@goodreads.com,81.118.165.87,Keylex,12907PLN,AliquetAt.mp3,1
767,Sher,Brockway,02-08-1990,sbrockwayla@state.gov,224.31.215.168,Tin,46466PLN,DapibusAtDiam.jpeg,1
768,Melisse,Scopham,17-06-1999,mscophamlb@blogspot.com,77.92.186.44,Tempsoft,49995PLN,Semper.tiff,0
769,Jessie,Schoolfield,25-07-1992,jschoolfieldlc@zdnet.com,116.152.23.77,Lotstring,25519PLN,Varius.jpeg,1
770,Bearnard,Osipenko,13-08-1984,bosipenkold@hc360.com,156.117.180.115,Voyatouch,15895PLN,Amet.mov,1
771,Marcelle,Trengrove,25-11-1996,mtrengrovele@theguardian.com,52.97.225.130,Alphazap,21520PLN,Consequat.ppt,1
772,Thibaut,Cowland,12-04-1986,tcowlandlf@wp.com,169.66.66.141,Lotstring,37605PLN,UltricesPosuereCubilia.mp3,0
773,Romeo,Kemster,04-03-1989,rkemsterlg@house.gov,128.163.122.137,Trippledex,14206PLN,MaurisMorbi.mp3,0
774,Zak,Emons,21-01-1989,zemonslh@google.com.br,62.13.19.131,Toughjoyfax,20533PLN,PharetraMagna.png,1
775,Kora,Holyard,05-04-1993,kholyardli@hubpages.com,2.88.60.1,Tin,38765PLN,VulputateJustoIn.jpeg,0
776,Erma,Hoff,08-01-1992,ehofflj@godaddy.com,62.225.236.77,Viva,22189PLN,LobortisLigula.mpeg,1
777,Mersey,Shephard,29-01-1984,mshephardlk@blog.com,57.67.225.136,Span,38075PLN,BlanditNonInterdum.txt,1
778,Miller,Vial,06-04-1986,mvialll@hatena.ne.jp,174.196.156.100,Ventosanzap,19183PLN,Odio.jpeg,0
779,Agosto,Colquete,20-03-1993,acolquetelm@ucoz.ru,80.157.35.174,Keylex,38560PLN,PellentesqueQuisquePorta.xls,0
780,Georgie,Hessentaler,31-07-1990,ghessentalerln@gov.uk,15.42.87.126,Toughjoyfax,44225PLN,AnteVelIpsum.avi,0
781,Percy,Gerwood,10-09-1995,pgerwoodlo@blogs.com,37.39.61.208,Flexidy,24946PLN,VulputateNonummyMaecenas.jpeg,0
782,Lyn,Vasilik,03-03-1993,lvasiliklp@reddit.com,165.126.24.10,Zathin,12141PLN,Dolor.jpeg,1
783,Theo,McKerton,08-11-1998,tmckertonlq@ucsd.edu,19.167.80.174,Tampflex,36147PLN,Vestibulum.xls,1
784,Gennifer,Kinig,18-08-1994,gkiniglr@typepad.com,97.49.114.198,Biodex,36709PLN,EratVolutpatIn.mp3,1
785,Leona,Andersch,12-11-1990,landerschls@theguardian.com,127.52.107.235,Veribet,37249PLN,SapienQuis.xls,0
786,Maire,Gradon,17-11-1994,mgradonlt@liveinternet.ru,43.132.77.136,Job,12865PLN,Magnis.avi,1
787,Temp,Mapam,20-09-1993,tmapamlu@flickr.com,32.142.55.130,Hatity,37909PLN,Parturient.ppt,1
788,Bruce,McCumskay,27-11-1981,bmccumskaylv@storify.com,147.87.253.194,Konklux,44088PLN,RidiculusMusVivamus.ppt,0
789,Ernestine,Bricksey,05-02-1993,ebrickseylw@sina.com.cn,66.232.133.254,Temp,44978PLN,NecSemDuis.mp3,0
790,Ethelda,Beardshaw,16-03-1982,ebeardshawlx@sun.com,234.231.212.104,Otcom,7910PLN,Vitae.xls,1
791,Brendan,Bilsland,20-07-1993,bbilslandly@free.fr,189.147.149.242,Zontrax,5770PLN,EuSapien.ppt,0
792,Ranna,Marks,28-09-1982,rmarkslz@google.co.uk,198.49.253.34,Tampflex,11290PLN,EuMiNulla.jpeg,1
793,Hyatt,Cavolini,01-03-1998,hcavolinim0@youtube.com,127.37.98.181,Subin,6616PLN,Est.mp3,0
794,Almeda,McGrowther,23-01-1990,amcgrowtherm1@netvibes.com,47.203.7.78,Namfix,16029PLN,QuisLectus.avi,0
795,Martguerita,Weatherill,26-08-1999,mweatherillm2@gravatar.com,170.237.27.16,Asoka,43402PLN,SemperInterdum.avi,1
796,Moina,Filov,23-09-1985,mfilovm3@si.edu,53.115.209.245,Cardify,22694PLN,NullaSed.xls,1
797,Del,Regardsoe,28-12-1984,dregardsoem4@cisco.com,76.224.98.222,Span,9880PLN,UllamcorperAugue.png,0
798,Julie,Sprowell,15-06-1985,jsprowellm5@cbslocal.com,178.63.0.207,Voyatouch,35701PLN,ViverraPede.doc,1
799,Karine,Bett,24-01-1983,kbettm6@hibu.com,126.123.27.210,Opela,47526PLN,UltricesPosuere.mov,1
800,Belva,MacTavish,30-01-1984,bmactavishm7@wikispaces.com,84.129.33.81,Kanlam,47924PLN,UtMassa.jpeg,1
801,Joya,Ladley,05-11-1982,jladleym8@hc360.com,117.30.61.87,Flexidy,6144PLN,UltricesPosuereCubilia.ppt,0
802,Lil,Lanston,04-06-1981,llanstonm9@va.gov,143.42.98.238,Ventosanzap,38978PLN,Nec.avi,0
803,Ilyse,Rikard,10-09-1990,irikardma@blogs.com,226.49.217.165,Daltfresh,42564PLN,TinciduntNullaMollis.txt,0
804,Briant,Sturge,04-03-1989,bsturgemb@bing.com,54.238.29.240,Lotstring,15158PLN,Sapien.jpeg,0
805,Rolf,Lamcken,08-04-1984,rlamckenmc@biblegateway.com,209.203.192.175,Temp,26193PLN,ErosElementumPellentesque.png,0
806,Adey,O'Flaverty,12-11-1981,aoflavertymd@indiatimes.com,225.108.45.95,Toughjoyfax,29612PLN,QuamFringilla.mpeg,1
807,Carie,Safont,27-05-1992,csafontme@smh.com.au,18.31.33.29,Home Ing,5908PLN,EtUltrices.ppt,0
808,Jermain,MacKean,05-12-1991,jmackeanmf@1688.com,75.34.250.113,Bigtax,18594PLN,Sem.ppt,0
809,Miquela,McKomb,15-06-1988,mmckombmg@wikia.com,217.78.103.56,Job,34804PLN,Ut.ppt,1
810,Marget,Schulz,11-03-1999,mschulzmh@house.gov,105.168.182.34,Holdlamis,38001PLN,DuiNec.jpeg,0
811,Oswald,Farlowe,09-11-1992,ofarlowemi@diigo.com,183.51.25.12,Fix San,10258PLN,Viverra.mpeg,0
812,Shena,Boar,09-10-1993,sboarmj@bbc.co.uk,122.80.214.158,Aerified,19535PLN,PenatibusEtMagnis.xls,1
813,Norene,Finlater,06-05-1990,nfinlatermk@wisc.edu,115.199.144.73,Tres-Zap,28565PLN,InterdumMauris.pdf,1
814,Fancy,Currey,21-07-1992,fcurreyml@state.gov,186.67.69.48,Rank,30192PLN,TinciduntNulla.pdf,1
815,Rogers,Doorey,12-01-1997,rdooreymm@naver.com,242.72.202.139,Biodex,32664PLN,VehiculaConsequat.mp3,1
816,Alfi,Abbis,28-10-1988,aabbismn@imageshack.us,194.173.84.97,Span,22714PLN,DolorMorbiVel.mp3,1
817,Wyn,Cleeve,01-10-1981,wcleevemo@edublogs.org,160.205.152.212,Stringtough,48223PLN,LoremIntegerTincidunt.txt,1
818,Hollyanne,Wyper,27-04-1990,hwypermp@netvibes.com,182.129.173.189,Otcom,19882PLN,Mi.mp3,1
819,Ethan,Garlee,30-11-1994,egarleemq@wikia.com,87.217.204.94,Treeflex,27107PLN,DolorSitAmet.xls,0
820,Cordie,Crayton,01-09-1988,ccraytonmr@google.com.au,207.18.243.162,Konklab,45793PLN,EuPede.avi,1
821,Norby,Stopper,22-01-1994,nstopperms@nhs.uk,98.98.113.151,Cardguard,15897PLN,NequeVestibulumEget.xls,0
822,Golda,Hoff,14-10-1998,ghoffmt@redcross.org,78.47.172.242,Gembucket,37433PLN,UtOdio.xls,1
823,Cacilia,Pobjoy,02-03-1999,cpobjoymu@google.pl,14.9.102.237,Bamity,13264PLN,AccumsanTellusNisi.avi,0
824,Mabelle,Bonnor,22-11-1998,mbonnormv@msn.com,28.192.223.243,Zamit,24432PLN,LuctusEtUltrices.ppt,1
825,Davina,Stutte,02-10-1985,dstuttemw@nps.gov,201.180.126.61,Biodex,16505PLN,PosuereCubiliaCurae.mp3,0
826,Jyoti,Ucchino,04-11-1980,jucchinomx@example.com,34.208.188.232,Quo Lux,17840PLN,Non.mp3,0
827,Silvio,Breznovic,31-08-1997,sbreznovicmy@washington.edu,219.150.5.137,Bigtax,34049PLN,Turpis.mp3,0
828,Lani,Lomaz,22-09-1988,llomazmz@exblog.jp,94.127.176.9,Mat Lam Tam,21336PLN,Ipsum.tiff,1
829,Trumann,Austin,03-02-1987,taustinn0@netlog.com,99.245.141.76,Trippledex,7525PLN,DiamNeque.ppt,1
830,Melicent,Stallworthy,12-12-1983,mstallworthyn1@guardian.co.uk,228.233.51.70,Treeflex,19655PLN,FeugiatEt.xls,1
831,Talbert,Palfery,14-09-1995,tpalferyn2@jimdo.com,86.184.7.93,Domainer,13561PLN,TurpisAdipiscingLorem.tiff,0
832,Roxy,Quainton,06-01-1981,rquaintonn3@mozilla.org,51.246.183.142,Zamit,27410PLN,MaecenasTristiqueEst.mp3,1
833,Arnuad,Gligorijevic,10-10-1995,agligorijevicn4@nydailynews.com,177.44.45.175,Lotstring,10512PLN,VivamusMetus.mp3,0
834,Winna,Whilde,11-01-1994,wwhilden5@hostgator.com,154.96.35.49,Bytecard,36919PLN,Tempus.jpeg,1
835,Laure,Swiffin,05-02-1987,lswiffinn6@theatlantic.com,188.25.19.52,Asoka,47510PLN,NonLectus.pdf,0
836,Lana,Crunden,04-02-1995,lcrundenn7@twitter.com,81.30.81.45,Kanlam,12634PLN,Sapien.pdf,0
837,Myrta,Tosdevin,29-03-1996,mtosdevinn8@earthlink.net,141.12.0.124,Ronstring,8796PLN,Ut.doc,1
838,Lesley,Castelijn,02-12-1988,lcastelijnn9@nih.gov,156.196.108.187,Biodex,40299PLN,IdNisl.png,1
839,Leon,Boneham,06-06-1991,lbonehamna@feedburner.com,122.102.168.220,Treeflex,42745PLN,PedeUllamcorper.xls,1
840,Alejandra,Vaulkhard,19-04-1997,avaulkhardnb@seesaa.net,168.69.97.0,Fix San,24125PLN,PedeLibero.jpeg,1
841,Dale,O'Hallagan,17-05-1986,dohallagannc@tuttocitta.it,84.41.13.23,Cardify,49809PLN,Natoque.pdf,1
842,Rosalinde,Lidgertwood,21-05-1992,rlidgertwoodnd@icio.us,107.130.95.204,Alpha,41526PLN,IdTurpis.jpeg,0
843,Janey,Belt,19-10-1991,jbeltne@odnoklassniki.ru,146.219.108.49,Fintone,44788PLN,Scelerisque.txt,1
844,Martainn,Arthy,12-03-1987,marthynf@hhs.gov,251.203.151.60,Lotlux,41999PLN,InFaucibusOrci.avi,0
845,Briny,Cottem,24-08-1985,bcottemng@woothemes.com,145.234.217.8,Duobam,7670PLN,PraesentId.gif,1
846,Dudley,McCafferty,05-08-1999,dmccaffertynh@last.fm,107.239.154.99,Konklux,36274PLN,EgetRutrum.ppt,1
847,Vickie,Wraggs,10-09-1998,vwraggsni@pen.io,171.19.34.205,Y-find,6354PLN,VariusUt.mp3,1
848,Theodor,Perell,28-05-1993,tperellnj@acquirethisname.com,112.133.99.28,Transcof,21146PLN,AtFeugiat.mpeg,0
849,Georgeta,Tredger,23-09-1998,gtredgernk@samsung.com,114.135.233.9,Holdlamis,27505PLN,Iaculis.mp3,0
850,Konstantine,Maruszewski,13-09-1989,kmaruszewskinl@pbs.org,206.242.31.166,Greenlam,17695PLN,VestibulumAliquet.avi,0
851,Elisabet,La Batie,13-05-1981,elabatienm@sun.com,148.109.100.234,Domainer,28755PLN,SuscipitNulla.avi,0
852,Analiese,Fryer,07-07-1991,afryernn@free.fr,82.65.131.189,Regrant,42138PLN,DictumstMorbiVestibulum.gif,1
853,Ferris,Dalgliesh,02-09-1996,fdalglieshno@bing.com,113.179.155.17,Tampflex,14496PLN,AIpsum.gif,0
854,Bruis,Gregorace,20-12-1999,bgregoracenp@paginegialle.it,123.24.47.53,Fintone,38917PLN,ConsequatNullaNisl.tiff,1
855,Rozamond,Whisker,02-05-1981,rwhiskernq@europa.eu,6.242.54.126,Home Ing,14677PLN,VehiculaConsequat.mp3,0
856,Sharon,Karczinski,15-06-1997,skarczinskinr@bizjournals.com,107.128.108.224,Home Ing,48122PLN,Nascetur.mp3,1
857,Tiebold,Scartifield,10-11-1983,tscartifieldns@mozilla.com,132.177.36.93,Namfix,41736PLN,IaculisDiamErat.mp3,1
858,Brana,Iacovacci,10-08-1999,biacovaccint@si.edu,187.44.160.80,Bigtax,46539PLN,VestibulumEgetVulputate.xls,1
859,Laurence,Witsey,25-12-1984,lwitseynu@hao123.com,54.201.7.202,Gembucket,38298PLN,SitAmetConsectetuer.ppt,0
860,Leonerd,Adin,20-11-1984,ladinnv@cnet.com,127.172.70.211,Stringtough,24640PLN,AtVelitEu.mp3,1
861,Albie,Belk,16-03-1980,abelknw@moonfruit.com,29.175.54.206,Otcom,17129PLN,Id.mp3,0
862,Tanya,Goane,16-12-1997,tgoanenx@plala.or.jp,157.244.139.203,Temp,30485PLN,Iaculis.ppt,1
863,Emmey,Dyett,24-07-1985,edyettny@xing.com,107.169.44.201,Tres-Zap,23234PLN,PlateaDictumst.ppt,1
864,Vikky,Sygrove,23-10-1983,vsygrovenz@multiply.com,53.41.47.8,Duobam,22792PLN,LobortisLigulaSit.pdf,1
865,Hubey,Fedynski,09-08-1998,hfedynskio0@fc2.com,131.81.17.230,Asoka,37715PLN,EuMiNulla.avi,1
866,Audy,Norster,19-09-1983,anorstero1@booking.com,55.237.45.189,Sonair,46497PLN,PlateaDictumst.avi,0
867,Lenna,Raikes,09-08-1984,lraikeso2@latimes.com,68.69.64.24,Hatity,47036PLN,Morbi.mov,0
868,Greg,Jurgen,04-10-1984,gjurgeno3@deviantart.com,147.185.143.158,Trippledex,23524PLN,EtCommodoVulputate.mov,1
869,Theodosia,Carn,29-06-1987,tcarno4@gravatar.com,187.214.238.136,Tresom,11506PLN,Suspendisse.xls,1
870,Orbadiah,McPhee,10-09-1995,omcpheeo5@ox.ac.uk,29.229.106.109,Bitchip,31017PLN,Ipsum.gif,1
871,Rania,Grooby,23-08-1993,rgroobyo6@scientificamerican.com,138.193.236.195,Tampflex,7380PLN,PenatibusEt.gif,1
872,Reeva,Dovinson,08-06-1982,rdovinsono7@pinterest.com,126.97.243.213,Stronghold,10162PLN,Pede.avi,0
873,Merrili,Pace,08-06-1997,mpaceo8@dyndns.org,197.133.207.101,Tres-Zap,19725PLN,InFaucibus.txt,1
874,Holly,Duddle,25-07-1981,hduddleo9@fc2.com,199.31.87.136,Duobam,37666PLN,NonMi.mp3,1
875,De witt,Hiseman,10-06-1986,dhisemanoa@yolasite.com,221.168.136.135,Namfix,24501PLN,VehiculaCondimentum.tiff,0
876,Neall,Bambrick,16-01-1986,nbambrickob@cnbc.com,79.213.221.57,Prodder,23095PLN,FermentumDonec.ppt,0
877,Corbett,Kelleher,18-11-1986,ckelleheroc@chicagotribune.com,200.89.137.35,Domainer,29984PLN,IpsumPrimisIn.mp3,0
878,Emanuele,Danielski,08-09-1981,edanielskiod@wordpress.org,91.89.35.118,Regrant,41084PLN,Rutrum.avi,1
879,Ennis,Astie,22-06-1990,eastieoe@goodreads.com,48.5.169.201,Zoolab,26530PLN,Consequat.avi,0
880,Marty,Ferri,18-04-1996,mferriof@umich.edu,179.141.108.188,Duobam,40809PLN,Vel.avi,0
881,Mateo,Fyldes,16-12-1994,mfyldesog@skype.com,41.119.231.32,Bamity,14978PLN,LiberoConvallisEget.mp3,1
882,Kala,Musla,25-01-1986,kmuslaoh@prweb.com,145.136.186.23,Otcom,18053PLN,Arcu.mp3,0
883,Wayland,Croley,22-06-1999,wcroleyoi@adobe.com,251.180.118.235,Veribet,11916PLN,IntegerPedeJusto.png,1
884,Bobbie,Behninck,08-01-1987,bbehninckoj@naver.com,198.200.108.61,Asoka,36366PLN,Platea.mov,1
885,Lynnea,Beebee,12-12-1990,lbeebeeok@bloglovin.com,72.125.160.39,Latlux,20607PLN,DapibusDolorVel.mpeg,1
886,Emmye,Scarf,24-01-1982,escarfol@smugmug.com,181.86.64.167,Overhold,31822PLN,UltricesEnimLorem.ppt,1
887,Verna,Vuitte,18-12-1980,vvuitteom@cargocollective.com,222.206.58.127,Regrant,19726PLN,AugueVestibulum.mpeg,1
888,Brannon,Arrundale,08-01-1982,barrundaleon@slashdot.org,108.69.204.33,Matsoft,39075PLN,Lacinia.gif,1
889,Levi,Perillo,22-09-1985,lperillooo@psu.edu,68.5.189.40,Bytecard,22508PLN,IdLobortis.xls,1
890,Eachelle,Kidby,12-01-1998,ekidbyop@mediafire.com,123.47.189.252,Voltsillam,17342PLN,InFaucibus.pdf,1
891,Cherry,Attoe,25-06-1997,cattoeoq@de.vu,156.101.26.167,Cookley,16459PLN,SapienQuisLibero.jpeg,0
892,Johnathan,Ashplant,19-05-1981,jashplantor@omniture.com,99.3.134.72,Kanlam,24799PLN,Vestibulum.mpeg,1
893,Alasdair,Rowling,03-08-1999,arowlingos@cbc.ca,18.84.22.99,Viva,46311PLN,Lectus.pdf,1
894,Daryl,Weatherhead,18-07-1994,dweatherheadot@tinypic.com,243.5.176.20,Tresom,22062PLN,CumSociis.xls,0
895,Shelden,Tieraney,17-10-1989,stieraneyou@theglobeandmail.com,193.141.70.92,Matsoft,27423PLN,LigulaNec.ppt,0
896,Garrick,Carmo,20-03-1997,gcarmoov@scientificamerican.com,102.110.51.119,Hatity,11846PLN,NullaFacilisiCras.mp3,1
897,Emlynne,Gallihawk,25-07-1986,egallihawkow@home.pl,160.121.92.225,Domainer,26009PLN,RutrumNequeAenean.ppt,1
898,Fionna,Witnall,04-04-1991,fwitnallox@marriott.com,45.206.16.92,Stim,9925PLN,NullamSitAmet.png,0
899,Milo,Gristwood,07-11-1992,mgristwoodoy@amazon.co.uk,177.243.206.188,Alpha,47189PLN,DapibusAugue.ppt,1
900,Alicia,Ucceli,06-10-1997,auccelioz@home.pl,87.85.146.128,Zaam-Dox,35495PLN,DisParturient.txt,1
